timestamp,symbol,ob_signal,ob_confidence,bid_ask_ratio,spread_pct,bid_wall_conc,ask_wall_conc,indicator_filter_passed,filter_reason,rsi,ema_fast,ema_slow,atr,volume_ratio
2026-05-31 21:14:38 UTC,BTCUSDT,LONG,HIGH,6.0166,0.01547,0.7016,0.3726,True,"EMA uptrend, RSI=53.2",53.25,73630.139606,73627.042057,60.545086,0.15
2026-05-31 21:14:39 UTC,ETHUSDT,SHORT,HIGH,0.252,0.0005,0.3127,0.5712,True,"EMA downtrend, RSI=52.6",52.6,2002.6282,2003.706707,3.239739,0.79
2026-05-31 21:14:39 UTC,SOLUSDT,SHORT,HIGH,0.76,0.01222,0.6329,0.8257,True,"EMA downtrend, RSI=50.5",50.55,81.754225,81.796933,0.160811,0.89
2026-05-31 21:14:39 UTC,BNBUSDT,LONG,HIGH,2.373,0.03392,0.6204,0.5279,False,EMA trend DOWN (fast=710.0160 < slow=712.3815),35.29,710.016013,712.381513,2.209671,1.06
2026-05-31 21:14:40 UTC,XRPUSDT,SHORT,HIGH,0.5637,0.03763,0.4121,0.5806,True,"EMA downtrend, RSI=48.7",48.67,1.328034,1.328741,0.002516,0.54
2026-05-31 21:14:41 UTC,BTCUSDT,LONG,HIGH,6.3844,0.01547,0.7188,0.3726,True,"EMA uptrend, RSI=53.2",53.25,73630.139606,73627.042057,60.545086,0.15
2026-05-31 21:14:41 UTC,BNBUSDT,LONG,HIGH,2.373,0.03392,0.6204,0.5279,False,EMA trend DOWN (fast=710.0160 < slow=712.3815),35.29,710.016013,712.381513,2.209671,1.06
2026-05-31 21:14:42 UTC,XRPUSDT,SHORT,HIGH,0.7239,0.04515,0.475,0.5806,True,"EMA downtrend, RSI=48.4",48.44,1.328014,1.328731,0.002529,0.54
2026-05-31 21:14:42 UTC,BTCUSDT,LONG,HIGH,6.3402,0.01534,0.7161,0.3709,True,"EMA uptrend, RSI=53.2",53.25,73630.139606,73627.042057,60.545086,0.15
2026-05-31 21:14:43 UTC,BNBUSDT,LONG,HIGH,2.373,0.03392,0.6204,0.5279,False,EMA trend DOWN (fast=710.0160 < slow=712.3815),35.29,710.016013,712.381513,2.209671,1.06
2026-05-31 21:14:43 UTC,XRPUSDT,SHORT,HIGH,0.7417,0.00753,0.4586,0.5795,True,"EMA downtrend, RSI=48.4",48.44,1.328014,1.328731,0.002529,0.54
2026-05-31 21:14:44 UTC,BNBUSDT,LONG,HIGH,2.373,0.03392,0.6204,0.5279,False,EMA trend DOWN (fast=710.0160 < slow=712.3815),35.29,710.016013,712.381513,2.209671,1.06
2026-05-31 21:14:46 UTC,BNBUSDT,LONG,HIGH,2.373,0.03392,0.6204,0.5279,False,EMA trend DOWN (fast=710.0160 < slow=712.3815),35.29,710.016013,712.381513,2.209671,1.06
2026-06-01 01:15:31 UTC,BTCUSDT,LONG,HIGH,2.998,0.00204,0.8026,0.2775,False,EMA trend DOWN (fast=73736.2268 < slow=73736.6286),42.25,73736.226775,73736.628577,147.171708,0.15
2026-06-01 01:15:31 UTC,ETHUSDT,SHORT,HIGH,0.6036,0.01796,0.4641,0.3725,False,EMA trend UP (fast=2009.1904 > slow=2008.4870),44.98,2009.190352,2008.487012,5.260372,0.06
2026-06-01 01:15:31 UTC,SOLUSDT,NEUTRAL,LOW,0.8905,0.02429,0.3413,0.8121,True,Balanced book,,,,,
2026-06-01 01:15:32 UTC,BNBUSDT,LONG,HIGH,1.5377,0.0254,0.3994,0.5804,False,EMA trend DOWN (fast=710.4816 < slow=711.0698),43.35,710.48159,711.069791,2.392265,0.0
2026-06-01 01:15:32 UTC,XRPUSDT,SHORT,HIGH,0.702,0.03006,0.6468,0.4733,False,EMA trend UP (fast=1.3335 > slow=1.3328),45.98,1.333476,1.332843,0.003905,0.03
2026-06-01 01:15:32 UTC,BTCUSDT,LONG,HIGH,3.0399,0.00218,0.8026,0.2814,False,EMA trend DOWN (fast=73736.2268 < slow=73736.6286),42.25,73736.226775,73736.628577,147.171708,0.15
2026-06-01 01:15:33 UTC,ETHUSDT,SHORT,HIGH,0.6036,0.01796,0.4641,0.3725,False,EMA trend UP (fast=2009.1904 > slow=2008.4870),44.98,2009.190352,2008.487012,5.260372,0.06
2026-06-01 01:15:33 UTC,SOLUSDT,NEUTRAL,LOW,0.9488,0.02429,0.3526,0.8734,True,Balanced book,,,,,
2026-06-01 01:15:34 UTC,BNBUSDT,LONG,HIGH,1.5377,0.0254,0.3994,0.5804,False,EMA trend DOWN (fast=710.4816 < slow=711.0698),43.35,710.48159,711.069791,2.392265,0.0
2026-06-01 01:15:34 UTC,XRPUSDT,SHORT,HIGH,0.702,0.03006,0.6468,0.4733,False,EMA trend UP (fast=1.3335 > slow=1.3328),45.98,1.333476,1.332843,0.003905,0.03
2026-06-01 01:15:34 UTC,BTCUSDT,LONG,HIGH,1.8238,0.00816,0.8026,0.6821,False,EMA trend DOWN (fast=73736.3868 < slow=73736.7013),42.28,73736.386775,73736.701304,147.185042,0.17
2026-06-01 01:15:35 UTC,ETHUSDT,SHORT,HIGH,0.6755,0.01796,0.4641,0.3538,False,EMA trend UP (fast=2009.1904 > slow=2008.4870),44.98,2009.190352,2008.487012,5.260372,0.06
2026-06-01 01:15:35 UTC,SOLUSDT,NEUTRAL,LOW,0.8716,0.03644,0.3683,0.8378,True,Balanced book,,,,,
2026-06-01 01:15:36 UTC,BNBUSDT,LONG,HIGH,1.5053,0.0254,0.408,0.5804,False,EMA trend DOWN (fast=710.4816 < slow=711.0698),43.35,710.48159,711.069791,2.392265,0.0
2026-06-01 01:15:36 UTC,XRPUSDT,SHORT,HIGH,0.6306,0.02254,0.7201,0.4733,False,EMA trend UP (fast=1.3335 > slow=1.3329),46.5,1.333536,1.33287,0.003905,0.03
2026-06-01 01:15:37 UTC,BTCUSDT,LONG,HIGH,1.7423,0.0068,0.9208,0.7477,False,EMA trend DOWN (fast=73736.3868 < slow=73736.7013),42.28,73736.386775,73736.701304,147.185042,0.17
2026-06-01 01:15:37 UTC,ETHUSDT,SHORT,HIGH,0.6481,0.01846,0.4641,0.3394,False,EMA trend UP (fast=2009.2464 > slow=2008.5125),45.35,2009.246352,2008.512467,5.281705,0.06
2026-06-01 01:15:37 UTC,SOLUSDT,NEUTRAL,LOW,0.91,0.03644,0.3683,0.8747,True,Balanced book,,,,,
2026-06-01 01:15:38 UTC,BNBUSDT,NEUTRAL,LOW,1.0172,0.00141,0.4534,0.4504,True,Balanced book,,,,,
2026-06-01 01:15:38 UTC,XRPUSDT,SHORT,HIGH,0.7022,0.03006,0.6466,0.4733,False,EMA trend UP (fast=1.3335 > slow=1.3329),46.5,1.333536,1.33287,0.003905,0.03
2026-06-01 01:15:39 UTC,BTCUSDT,LONG,HIGH,1.8098,0.00707,0.9208,0.6777,False,EMA trend DOWN (fast=73736.3868 < slow=73736.7013),42.28,73736.386775,73736.701304,147.185042,0.17
2026-06-01 01:15:39 UTC,ETHUSDT,SHORT,MODERATE,0.6779,0.02594,0.4641,0.3475,False,EMA trend UP (fast=2009.2464 > slow=2008.5125),45.35,2009.246352,2008.512467,5.281705,0.06
2026-06-01 01:15:39 UTC,SOLUSDT,NEUTRAL,LOW,0.9376,0.01214,0.4041,0.9188,True,Balanced book,,,,,
2026-06-01 01:15:40 UTC,BNBUSDT,LONG,HIGH,1.2708,0.00282,0.393,0.5014,False,EMA trend DOWN (fast=710.4816 < slow=711.0698),43.35,710.48159,711.069791,2.392265,0.0
2026-06-01 01:15:41 UTC,XRPUSDT,SHORT,HIGH,0.7022,0.03006,0.6466,0.4733,False,EMA trend UP (fast=1.3335 > slow=1.3329),46.5,1.333536,1.33287,0.003905,0.03
2026-06-01 01:15:41 UTC,BTCUSDT,NEUTRAL,LOW,0.9733,0.0072,0.9208,0.8355,True,Balanced book,,,,,
2026-06-01 01:15:41 UTC,ETHUSDT,SHORT,HIGH,0.7596,0.02943,0.4642,0.3739,False,EMA trend UP (fast=2009.2764 > slow=2008.5261),45.56,2009.276352,2008.526103,5.301705,0.06
2026-06-01 01:15:42 UTC,SOLUSDT,NEUTRAL,LOW,0.9495,0.01214,0.4042,0.9178,True,Balanced book,,,,,
2026-06-01 01:15:42 UTC,BNBUSDT,NEUTRAL,LOW,1.185,0.00282,0.393,0.4676,True,Balanced book,,,,,
2026-06-01 01:15:42 UTC,XRPUSDT,SHORT,HIGH,0.7022,0.03006,0.6466,0.4733,False,EMA trend UP (fast=1.3335 > slow=1.3329),46.32,1.333516,1.332861,0.003905,0.03
2026-06-01 01:15:43 UTC,BTCUSDT,NEUTRAL,LOW,1.125,0.00027,0.9266,0.8114,True,Balanced book,,,,,
2026-06-01 01:15:43 UTC,ETHUSDT,SHORT,HIGH,0.7717,0.03043,0.4642,0.3799,False,EMA trend UP (fast=2009.2764 > slow=2008.5261),45.56,2009.276352,2008.526103,5.301705,0.06
2026-06-01 01:15:43 UTC,SOLUSDT,NEUTRAL,LOW,0.9769,0.01214,0.4042,0.9154,True,Balanced book,,,,,
2026-06-01 01:15:43 UTC,BNBUSDT,NEUTRAL,LOW,0.8752,0.00282,0.3931,0.365,True,Balanced book,,,,,
2026-06-01 01:15:44 UTC,XRPUSDT,SHORT,HIGH,0.7022,0.03006,0.6466,0.4733,False,EMA trend UP (fast=1.3335 > slow=1.3329),46.32,1.333516,1.332861,0.003905,0.03
2026-06-01 01:15:44 UTC,BTCUSDT,NEUTRAL,LOW,1.1174,0.00109,0.9266,0.8059,True,Balanced book,,,,,
2026-06-01 01:15:44 UTC,ETHUSDT,NEUTRAL,LOW,0.8682,0.03093,0.4642,0.2922,True,Balanced book,,,,,
2026-06-01 01:15:44 UTC,SOLUSDT,NEUTRAL,LOW,0.8396,0.01214,0.4486,0.7834,True,Balanced book,,,,,
2026-06-01 01:15:45 UTC,BNBUSDT,NEUTRAL,LOW,0.8752,0.00282,0.3931,0.365,True,Balanced book,,,,,
2026-06-01 01:15:45 UTC,XRPUSDT,SHORT,HIGH,0.7022,0.03006,0.6466,0.4733,False,EMA trend UP (fast=1.3335 > slow=1.3329),46.32,1.333516,1.332861,0.003905,0.03
2026-06-01 01:15:45 UTC,BTCUSDT,LONG,HIGH,1.2048,0.00666,0.9266,0.7978,True,"EMA uptrend, RSI=42.4",42.44,73737.326775,73737.128577,147.185042,0.17
2026-06-01 01:15:45 UTC,ETHUSDT,NEUTRAL,LOW,0.9436,0.03093,0.4642,0.3093,True,Balanced book,,,,,
2026-06-01 01:15:45 UTC,SOLUSDT,NEUTRAL,LOW,0.8396,0.01214,0.4486,0.7834,True,Balanced book,,,,,
2026-06-01 01:15:46 UTC,BNBUSDT,NEUTRAL,LOW,0.8752,0.00282,0.3931,0.365,True,Balanced book,,,,,
2026-06-01 01:15:46 UTC,XRPUSDT,SHORT,HIGH,0.7022,0.03006,0.6466,0.4733,False,EMA trend UP (fast=1.3335 > slow=1.3329),46.32,1.333516,1.332861,0.003905,0.03
2026-06-01 01:15:47 UTC,ETHUSDT,NEUTRAL,LOW,1.0335,0.03392,0.4642,0.2904,True,Balanced book,,,,,
2026-06-01 01:15:47 UTC,SOLUSDT,NEUTRAL,LOW,0.8602,0.01214,0.4827,0.7849,True,Balanced book,,,,,
2026-06-01 01:15:48 UTC,BNBUSDT,NEUTRAL,LOW,0.8752,0.00282,0.3931,0.365,True,Balanced book,,,,,
2026-06-01 01:15:48 UTC,XRPUSDT,SHORT,HIGH,0.7022,0.03006,0.6466,0.4733,False,EMA trend UP (fast=1.3335 > slow=1.3329),46.32,1.333516,1.332861,0.003905,0.03
2026-06-01 01:15:48 UTC,ETHUSDT,NEUTRAL,LOW,1.1686,0.03741,0.4642,0.3035,True,Balanced book,,,,,
2026-06-01 01:15:49 UTC,SOLUSDT,NEUTRAL,LOW,0.9717,0.01214,0.4893,0.8364,True,Balanced book,,,,,
2026-06-01 01:15:49 UTC,BNBUSDT,NEUTRAL,LOW,0.8752,0.00282,0.3931,0.365,True,Balanced book,,,,,
2026-06-01 01:15:50 UTC,XRPUSDT,SHORT,HIGH,0.7022,0.03006,0.6466,0.4733,False,EMA trend UP (fast=1.3335 > slow=1.3329),46.32,1.333516,1.332861,0.003905,0.03
2026-06-01 01:15:50 UTC,ETHUSDT,NEUTRAL,LOW,1.1966,0.0439,0.4642,0.3628,True,Balanced book,,,,,
2026-06-01 01:15:50 UTC,SOLUSDT,NEUTRAL,LOW,0.9639,0.01214,0.5188,0.8797,True,Balanced book,,,,,
2026-06-01 01:15:51 UTC,BNBUSDT,NEUTRAL,LOW,0.8752,0.00282,0.3931,0.365,True,Balanced book,,,,,
2026-06-01 01:15:51 UTC,XRPUSDT,SHORT,HIGH,0.7022,0.03006,0.6466,0.4733,False,EMA trend UP (fast=1.3335 > slow=1.3329),46.32,1.333516,1.332861,0.003905,0.03
2026-06-01 01:15:51 UTC,ETHUSDT,NEUTRAL,LOW,1.0491,0.04639,0.451,0.362,True,Balanced book,,,,,
2026-06-01 01:15:51 UTC,SOLUSDT,NEUTRAL,LOW,0.9639,0.01214,0.5188,0.8797,True,Balanced book,,,,,
2026-06-01 01:15:51 UTC,BNBUSDT,NEUTRAL,LOW,0.8752,0.00282,0.3931,0.365,True,Balanced book,,,,,
2026-06-01 01:15:52 UTC,XRPUSDT,SHORT,HIGH,0.7022,0.03006,0.6466,0.4733,False,EMA trend UP (fast=1.3335 > slow=1.3329),46.32,1.333516,1.332861,0.003905,0.03
2026-06-01 01:15:52 UTC,ETHUSDT,NEUTRAL,LOW,1.0491,0.04639,0.451,0.362,True,Balanced book,,,,,
2026-06-01 01:15:52 UTC,SOLUSDT,NEUTRAL,LOW,1.0524,0.01215,0.5362,0.9516,True,Balanced book,,,,,
2026-06-01 01:15:52 UTC,BNBUSDT,NEUTRAL,LOW,0.8752,0.00282,0.3931,0.365,True,Balanced book,,,,,
2026-06-01 01:15:53 UTC,XRPUSDT,SHORT,HIGH,0.7022,0.03006,0.6466,0.4733,False,EMA trend UP (fast=1.3336 > slow=1.3329),46.67,1.333556,1.332879,0.003905,0.03
2026-06-01 01:15:53 UTC,ETHUSDT,NEUTRAL,LOW,1.0491,0.04639,0.451,0.362,True,Balanced book,,,,,
2026-06-01 01:15:53 UTC,SOLUSDT,NEUTRAL,LOW,1.0524,0.01215,0.5362,0.9516,True,Balanced book,,,,,
2026-06-01 01:15:53 UTC,BNBUSDT,NEUTRAL,LOW,0.8752,0.00282,0.3931,0.365,True,Balanced book,,,,,
2026-06-01 01:15:53 UTC,XRPUSDT,SHORT,HIGH,0.7105,0.03006,0.6469,0.4733,False,EMA trend UP (fast=1.3336 > slow=1.3329),46.67,1.333556,1.332879,0.003905,0.03
2026-06-01 01:15:54 UTC,ETHUSDT,NEUTRAL,LOW,1.0491,0.04639,0.451,0.362,True,Balanced book,,,,,
2026-06-01 01:15:54 UTC,SOLUSDT,NEUTRAL,LOW,1.1217,0.0243,0.5163,0.9516,True,Balanced book,,,,,
2026-06-01 01:15:54 UTC,BNBUSDT,NEUTRAL,LOW,0.8752,0.00282,0.3931,0.365,True,Balanced book,,,,,
2026-06-01 01:15:54 UTC,XRPUSDT,SHORT,HIGH,0.7299,0.03006,0.6449,0.4733,False,EMA trend UP (fast=1.3336 > slow=1.3329),46.67,1.333556,1.332879,0.003905,0.03
2026-06-01 01:15:55 UTC,ETHUSDT,NEUTRAL,LOW,1.0491,0.04639,0.451,0.362,True,Balanced book,,,,,
2026-06-01 01:15:55 UTC,SOLUSDT,NEUTRAL,LOW,1.0362,0.01215,0.5492,0.8919,True,Balanced book,,,,,
2026-06-01 01:15:55 UTC,BNBUSDT,SHORT,MODERATE,0.761,0.00565,0.3931,0.3174,True,"EMA downtrend, RSI=42.8",42.78,710.41959,711.041609,2.436265,0.06
2026-06-01 01:15:55 UTC,XRPUSDT,SHORT,HIGH,0.6583,0.02254,0.715,0.4733,False,EMA trend UP (fast=1.3336 > slow=1.3329),46.67,1.333556,1.332879,0.003905,0.03
2026-06-01 01:15:56 UTC,ETHUSDT,NEUTRAL,LOW,1.0491,0.04639,0.451,0.362,True,Balanced book,,,,,
2026-06-01 01:15:56 UTC,SOLUSDT,NEUTRAL,LOW,1.0855,0.01215,0.5492,0.9308,True,Balanced book,,,,,
2026-06-01 01:15:56 UTC,XRPUSDT,SHORT,HIGH,0.7299,0.03006,0.6449,0.4733,False,EMA trend UP (fast=1.3336 > slow=1.3329),46.67,1.333556,1.332879,0.003905,0.03
2026-06-01 01:15:57 UTC,ETHUSDT,LONG,HIGH,1.2315,0.04639,0.451,0.3628,True,"EMA uptrend, RSI=45.9",45.92,2009.328352,2008.54974,5.336372,0.06
2026-06-01 01:15:57 UTC,SOLUSDT,NEUTRAL,LOW,1.0855,0.0243,0.5492,0.9308,True,Balanced book,,,,,
2026-06-01 01:15:57 UTC,XRPUSDT,SHORT,HIGH,0.7299,0.03006,0.6449,0.4733,False,EMA trend UP (fast=1.3336 > slow=1.3329),46.67,1.333556,1.332879,0.003905,0.03
2026-06-01 01:15:58 UTC,ETHUSDT,NEUTRAL,LOW,1.1598,0.05038,0.451,0.3999,True,Balanced book,,,,,
2026-06-01 01:15:58 UTC,SOLUSDT,NEUTRAL,LOW,0.9155,0.0243,0.5908,0.8776,True,Balanced book,,,,,
2026-06-01 01:15:58 UTC,XRPUSDT,SHORT,HIGH,0.7299,0.03006,0.6449,0.4733,False,EMA trend UP (fast=1.3335 > slow=1.3329),46.15,1.333496,1.332852,0.003905,0.03
2026-06-01 01:15:59 UTC,ETHUSDT,NEUTRAL,LOW,1.0726,0.05138,0.451,0.3698,True,Balanced book,,,,,
2026-06-01 01:15:59 UTC,SOLUSDT,NEUTRAL,LOW,0.9155,0.0243,0.5908,0.8776,True,Balanced book,,,,,
2026-06-01 01:15:59 UTC,XRPUSDT,SHORT,HIGH,0.7326,0.01503,0.6449,0.475,False,EMA trend UP (fast=1.3335 > slow=1.3329),46.15,1.333496,1.332852,0.003905,0.03
2026-06-01 01:17:04 UTC,BTCUSDT,LONG,HIGH,1.2193,0.00693,0.9791,0.6179,True,"EMA uptrend, RSI=43.0",43.02,73740.546775,73738.592213,147.291708,0.17
2026-06-01 01:17:04 UTC,ETHUSDT,SHORT,HIGH,0.6877,0.00299,0.7444,0.4768,False,EMA trend UP (fast=2009.5124 > slow=2008.6334),47.15,2009.512352,2008.633376,5.499039,0.31
2026-06-01 01:17:05 UTC,SOLUSDT,NEUTRAL,LOW,0.9382,0.01214,0.856,0.9494,True,Balanced book,,,,,
2026-06-01 01:17:05 UTC,BNBUSDT,LONG,MODERATE,1.3519,0.00141,0.3357,0.4119,False,EMA trend DOWN (fast=710.5796 < slow=711.1143),44.44,710.57959,711.114337,2.477599,0.23
2026-06-01 01:17:05 UTC,XRPUSDT,NEUTRAL,LOW,0.8444,0.02255,0.6451,0.5026,True,Balanced book,,,,,
2026-06-01 01:17:05 UTC,BTCUSDT,NEUTRAL,LOW,1.1932,0.00693,0.9807,0.6179,True,Balanced book,,,,,
2026-06-01 01:17:05 UTC,ETHUSDT,SHORT,HIGH,0.64,0.00299,0.7254,0.4768,False,EMA trend UP (fast=2009.5124 > slow=2008.6334),47.15,2009.512352,2008.633376,5.499039,0.31
2026-06-01 01:17:06 UTC,SOLUSDT,NEUTRAL,LOW,0.9382,0.01214,0.856,0.9494,True,Balanced book,,,,,
2026-06-01 01:17:06 UTC,BNBUSDT,LONG,MODERATE,1.3795,0.00141,0.3357,0.4203,False,EMA trend DOWN (fast=710.5796 < slow=711.1143),44.44,710.57959,711.114337,2.477599,0.23
2026-06-01 01:17:06 UTC,XRPUSDT,NEUTRAL,LOW,0.8444,0.02255,0.6451,0.5026,True,Balanced book,,,,,
2026-06-01 01:17:06 UTC,BTCUSDT,NEUTRAL,LOW,1.1931,0.00693,0.9807,0.6179,True,Balanced book,,,,,
2026-06-01 01:17:07 UTC,ETHUSDT,SHORT,HIGH,0.6043,0.00299,0.7091,0.4768,False,EMA trend UP (fast=2009.5124 > slow=2008.6334),47.15,2009.512352,2008.633376,5.499039,0.31
2026-06-01 01:17:07 UTC,SOLUSDT,NEUTRAL,LOW,0.9668,0.02429,0.856,0.9783,True,Balanced book,,,,,
2026-06-01 01:17:07 UTC,BNBUSDT,LONG,MODERATE,1.3795,0.00141,0.3357,0.4203,False,EMA trend DOWN (fast=710.5796 < slow=711.1143),44.44,710.57959,711.114337,2.477599,0.23
2026-06-01 01:17:07 UTC,XRPUSDT,NEUTRAL,LOW,0.8444,0.02255,0.6451,0.5026,True,Balanced book,,,,,
2026-06-01 01:17:07 UTC,BTCUSDT,NEUTRAL,LOW,1.1931,0.00693,0.9807,0.6179,True,Balanced book,,,,,
2026-06-01 01:17:08 UTC,ETHUSDT,SHORT,HIGH,0.5566,0.00299,0.6842,0.4768,False,EMA trend UP (fast=2009.5124 > slow=2008.6334),47.15,2009.512352,2008.633376,5.499039,0.31
2026-06-01 01:17:08 UTC,SOLUSDT,NEUTRAL,LOW,0.9668,0.02429,0.856,0.9783,True,Balanced book,,,,,
2026-06-01 01:17:08 UTC,BNBUSDT,LONG,MODERATE,1.3446,0.00141,0.3357,0.4097,False,EMA trend DOWN (fast=710.5796 < slow=711.1143),44.44,710.57959,711.114337,2.477599,0.23
2026-06-01 01:17:09 UTC,XRPUSDT,NEUTRAL,LOW,0.8444,0.02255,0.6451,0.5026,True,Balanced book,,,,,
2026-06-01 01:17:09 UTC,BTCUSDT,NEUTRAL,LOW,1.1931,0.00693,0.9807,0.6179,True,Balanced book,,,,,
2026-06-01 01:17:09 UTC,ETHUSDT,SHORT,HIGH,0.4973,0.00299,0.6465,0.4768,False,EMA trend UP (fast=2009.5124 > slow=2008.6334),47.15,2009.512352,2008.633376,5.499039,0.31
2026-06-01 01:17:09 UTC,SOLUSDT,NEUTRAL,LOW,0.9379,0.02429,0.789,0.9034,True,Balanced book,,,,,
2026-06-01 01:17:10 UTC,BNBUSDT,LONG,MODERATE,1.2521,0.00141,0.3357,0.3815,False,EMA trend DOWN (fast=710.5796 < slow=711.1143),44.44,710.57959,711.114337,2.477599,0.23
2026-06-01 01:17:10 UTC,XRPUSDT,NEUTRAL,LOW,0.8399,0.02255,0.6451,0.4999,True,Balanced book,,,,,
2026-06-01 01:17:10 UTC,BTCUSDT,NEUTRAL,LOW,1.1931,0.00693,0.9807,0.6179,True,Balanced book,,,,,
2026-06-01 01:17:11 UTC,ETHUSDT,SHORT,HIGH,0.4782,0.00299,0.647,0.4768,False,EMA trend UP (fast=2009.5604 > slow=2008.6552),47.47,2009.560352,2008.655194,5.499039,0.31
2026-06-01 01:17:11 UTC,SOLUSDT,NEUTRAL,LOW,0.9448,0.02429,0.8488,0.9791,True,Balanced book,,,,,
2026-06-01 01:17:12 UTC,BNBUSDT,LONG,MODERATE,1.2522,0.00141,0.3357,0.3815,False,EMA trend DOWN (fast=710.5796 < slow=711.1143),44.44,710.57959,711.114337,2.477599,0.23
2026-06-01 01:17:12 UTC,XRPUSDT,NEUTRAL,LOW,0.8399,0.02255,0.6451,0.4999,True,Balanced book,,,,,
2026-06-01 01:17:12 UTC,BTCUSDT,NEUTRAL,LOW,1.1931,0.00693,0.9807,0.6179,True,Balanced book,,,,,
2026-06-01 01:17:12 UTC,ETHUSDT,SHORT,HIGH,0.4782,0.00299,0.647,0.4768,False,EMA trend UP (fast=2009.5604 > slow=2008.6552),47.47,2009.560352,2008.655194,5.499039,0.31
2026-06-01 01:17:12 UTC,SOLUSDT,NEUTRAL,LOW,1.0144,0.01214,0.7929,0.9791,True,Balanced book,,,,,
2026-06-01 01:17:13 UTC,BNBUSDT,LONG,MODERATE,1.2522,0.00141,0.3357,0.3815,False,EMA trend DOWN (fast=710.5796 < slow=711.1143),44.44,710.57959,711.114337,2.477599,0.23
2026-06-01 01:17:13 UTC,XRPUSDT,NEUTRAL,LOW,0.8399,0.02255,0.6451,0.4999,True,Balanced book,,,,,
2026-06-01 01:17:13 UTC,BTCUSDT,NEUTRAL,LOW,1.1931,0.00693,0.9807,0.6179,True,Balanced book,,,,,
2026-06-01 01:17:14 UTC,ETHUSDT,SHORT,HIGH,0.4542,0.00299,0.5755,0.4768,False,EMA trend UP (fast=2009.5604 > slow=2008.6552),47.47,2009.560352,2008.655194,5.499039,0.31
2026-06-01 01:17:14 UTC,SOLUSDT,NEUTRAL,LOW,0.8935,0.02429,0.8172,0.8719,True,Balanced book,,,,,
2026-06-01 01:17:15 UTC,BNBUSDT,LONG,MODERATE,1.2812,0.00141,0.3357,0.3904,False,EMA trend DOWN (fast=710.5796 < slow=711.1143),44.44,710.57959,711.114337,2.477599,0.23
2026-06-01 01:17:15 UTC,XRPUSDT,SHORT,HIGH,0.809,0.02255,0.6451,0.4948,False,EMA trend UP (fast=1.3335 > slow=1.3329),46.32,1.333516,1.332861,0.003931,0.03
2026-06-01 01:17:16 UTC,BTCUSDT,LONG,HIGH,1.5934,0.00652,0.9828,0.6766,True,"EMA uptrend, RSI=43.2",43.2,73741.566775,73739.055849,147.291708,0.17
2026-06-01 01:17:16 UTC,ETHUSDT,SHORT,HIGH,0.4306,0.00299,0.5796,0.4768,False,EMA trend UP (fast=2009.5604 > slow=2008.6552),47.47,2009.560352,2008.655194,5.499039,0.31
2026-06-01 01:17:16 UTC,SOLUSDT,NEUTRAL,LOW,0.9701,0.01214,0.8218,0.9511,True,Balanced book,,,,,
2026-06-01 01:17:17 UTC,BNBUSDT,LONG,MODERATE,1.3447,0.00141,0.3357,0.4097,False,EMA trend DOWN (fast=710.5796 < slow=711.1143),44.44,710.57959,711.114337,2.477599,0.23
2026-06-01 01:17:17 UTC,XRPUSDT,SHORT,HIGH,0.8129,0.02255,0.6451,0.4971,False,EMA trend UP (fast=1.3335 > slow=1.3329),46.32,1.333516,1.332861,0.003931,0.03
2026-06-01 01:17:18 UTC,BTCUSDT,LONG,HIGH,1.2503,0.00231,0.9834,0.6766,True,"EMA uptrend, RSI=43.2",43.2,73741.566775,73739.055849,147.291708,0.17
2026-06-01 01:17:18 UTC,ETHUSDT,SHORT,HIGH,0.3976,0.03091,0.5685,0.4768,False,EMA trend UP (fast=2009.5604 > slow=2008.6552),47.47,2009.560352,2008.655194,5.499039,0.31
2026-06-01 01:17:18 UTC,SOLUSDT,NEUTRAL,LOW,0.9502,0.02429,0.8145,0.8036,True,Balanced book,,,,,
2026-06-01 01:17:18 UTC,BNBUSDT,LONG,MODERATE,1.3116,0.00141,0.3357,0.3996,False,EMA trend DOWN (fast=710.5796 < slow=711.1143),44.44,710.57959,711.114337,2.477599,0.23
2026-06-01 01:17:19 UTC,XRPUSDT,SHORT,HIGH,0.7536,0.02254,0.7153,0.5111,False,EMA trend UP (fast=1.3335 > slow=1.3329),46.32,1.333516,1.332861,0.003931,0.03
2026-06-01 01:17:19 UTC,BTCUSDT,LONG,HIGH,1.2503,0.00231,0.9834,0.6766,True,"EMA uptrend, RSI=43.2",43.2,73741.566775,73739.055849,147.291708,0.17
2026-06-01 01:17:20 UTC,ETHUSDT,SHORT,HIGH,0.3976,0.02642,0.5685,0.4768,False,EMA trend UP (fast=2009.5604 > slow=2008.6552),47.47,2009.560352,2008.655194,5.499039,0.31
2026-06-01 01:17:20 UTC,SOLUSDT,NEUTRAL,LOW,1.106,0.01214,0.7557,0.8775,True,Balanced book,,,,,
2026-06-01 01:17:20 UTC,BNBUSDT,SHORT,HIGH,0.7538,0.05076,0.3345,0.3894,True,"EMA downtrend, RSI=44.4",44.44,710.57959,711.114337,2.477599,0.23
2026-06-01 01:17:20 UTC,XRPUSDT,SHORT,HIGH,0.716,0.04509,0.6451,0.4721,False,EMA trend UP (fast=1.3335 > slow=1.3329),46.32,1.333516,1.332861,0.003931,0.03
2026-06-01 01:17:21 UTC,BTCUSDT,LONG,HIGH,1.3195,0.00231,0.9792,0.6766,True,"EMA uptrend, RSI=43.0",43.02,73740.546775,73738.592213,147.291708,0.17
2026-06-01 01:17:21 UTC,ETHUSDT,SHORT,HIGH,0.4148,0.02642,0.5336,0.4669,False,EMA trend UP (fast=2009.5604 > slow=2008.6552),47.47,2009.560352,2008.655194,5.499039,0.31
2026-06-01 01:17:21 UTC,SOLUSDT,NEUTRAL,LOW,1.0704,0.02428,0.7892,0.8997,True,Balanced book,,,,,
2026-06-01 01:17:22 UTC,XRPUSDT,SHORT,HIGH,0.732,0.04509,0.6451,0.4827,False,EMA trend UP (fast=1.3335 > slow=1.3329),46.5,1.333536,1.33287,0.003931,0.03
2026-06-01 01:17:22 UTC,BTCUSDT,LONG,HIGH,1.3161,0.00231,0.9817,0.6766,True,"EMA uptrend, RSI=43.0",43.02,73740.546775,73738.592213,147.291708,0.17
2026-06-01 01:17:22 UTC,ETHUSDT,SHORT,HIGH,0.4148,0.02642,0.5336,0.4669,False,EMA trend UP (fast=2009.5604 > slow=2008.6552),47.47,2009.560352,2008.655194,5.499039,0.31
2026-06-01 01:17:23 UTC,SOLUSDT,NEUTRAL,LOW,1.1047,0.02428,0.7892,0.8965,True,Balanced book,,,,,
2026-06-01 01:17:23 UTC,XRPUSDT,SHORT,HIGH,0.732,0.04509,0.6451,0.4827,False,EMA trend UP (fast=1.3335 > slow=1.3329),46.5,1.333536,1.33287,0.003931,0.03
2026-06-01 01:17:23 UTC,BTCUSDT,LONG,HIGH,1.3194,0.00693,0.9793,0.6766,True,"EMA uptrend, RSI=43.0",43.02,73740.546775,73738.592213,147.291708,0.17
2026-06-01 01:17:24 UTC,ETHUSDT,SHORT,HIGH,0.4223,0.02642,0.5241,0.4669,False,EMA trend UP (fast=2009.5604 > slow=2008.6552),47.47,2009.560352,2008.655194,5.499039,0.31
2026-06-01 01:17:24 UTC,SOLUSDT,NEUTRAL,LOW,0.8365,0.01214,0.7753,0.68,True,Balanced book,,,,,
2026-06-01 01:17:24 UTC,XRPUSDT,SHORT,HIGH,0.7644,0.06012,0.6451,0.5002,False,EMA trend UP (fast=1.3335 > slow=1.3329),46.5,1.333536,1.33287,0.003931,0.03
2026-06-01 01:17:24 UTC,BTCUSDT,SHORT,HIGH,0.3182,0.00924,0.3329,0.6766,False,EMA trend UP (fast=73740.5468 > slow=73738.5922),43.02,73740.546775,73738.592213,147.291708,0.17
2026-06-01 01:17:25 UTC,ETHUSDT,SHORT,HIGH,0.3842,0.01844,0.5759,0.4669,False,EMA trend UP (fast=2009.5604 > slow=2008.6552),47.47,2009.560352,2008.655194,5.499039,0.31
2026-06-01 01:17:25 UTC,SOLUSDT,NEUTRAL,LOW,0.8606,0.01214,0.7486,0.68,True,Balanced book,,,,,
2026-06-01 01:17:25 UTC,XRPUSDT,SHORT,HIGH,0.7756,0.0526,0.6451,0.5075,False,EMA trend UP (fast=1.3335 > slow=1.3329),46.5,1.333536,1.33287,0.003931,0.03
2026-06-01 01:17:26 UTC,BTCUSDT,LONG,HIGH,1.4192,0.00843,0.9104,0.6766,True,"EMA uptrend, RSI=43.0",43.02,73740.546775,73738.592213,147.291708,0.17
2026-06-01 01:17:26 UTC,ETHUSDT,SHORT,HIGH,0.4596,0.01844,0.5693,0.4669,False,EMA trend UP (fast=2009.5604 > slow=2008.6552),47.47,2009.560352,2008.655194,5.499039,0.31
2026-06-01 01:17:26 UTC,SOLUSDT,NEUTRAL,LOW,0.9549,0.01214,0.7611,0.7672,True,Balanced book,,,,,
2026-06-01 01:17:26 UTC,XRPUSDT,SHORT,HIGH,0.7756,0.0526,0.6451,0.5075,False,EMA trend UP (fast=1.3335 > slow=1.3329),46.5,1.333536,1.33287,0.003931,0.03
2026-06-01 01:17:27 UTC,ETHUSDT,SHORT,HIGH,0.4596,0.01844,0.5693,0.4669,False,EMA trend UP (fast=2009.5604 > slow=2008.6552),47.47,2009.560352,2008.655194,5.499039,0.31
2026-06-01 01:17:27 UTC,SOLUSDT,NEUTRAL,LOW,0.9549,0.01214,0.7611,0.7672,True,Balanced book,,,,,
2026-06-01 01:17:27 UTC,XRPUSDT,NEUTRAL,LOW,0.9549,0.00751,0.6355,0.4575,True,Balanced book,,,,,
2026-06-01 01:17:28 UTC,ETHUSDT,SHORT,HIGH,0.4596,0.01844,0.5693,0.4669,False,EMA trend UP (fast=2009.5604 > slow=2008.6552),47.47,2009.560352,2008.655194,5.499039,0.31
2026-06-01 01:17:28 UTC,SOLUSDT,NEUTRAL,LOW,0.8989,0.01214,0.7448,0.7044,True,Balanced book,,,,,
2026-06-01 01:17:28 UTC,XRPUSDT,NEUTRAL,LOW,0.9584,0.00751,0.6331,0.4575,True,Balanced book,,,,,
2026-06-01 01:17:29 UTC,ETHUSDT,SHORT,HIGH,0.3342,0.01844,0.4692,0.4669,False,EMA trend UP (fast=2009.4984 > slow=2008.6270),47.06,2009.498352,2008.627012,5.499039,0.31
2026-06-01 01:17:29 UTC,SOLUSDT,NEUTRAL,LOW,0.8756,0.01214,0.7448,0.6853,True,Balanced book,,,,,
2026-06-01 01:17:29 UTC,XRPUSDT,LONG,HIGH,1.2126,0.00751,0.5641,0.4575,True,"EMA uptrend, RSI=47.5",47.46,1.333636,1.332915,0.003931,0.08
2026-06-01 01:17:30 UTC,ETHUSDT,SHORT,HIGH,0.3342,0.01844,0.4692,0.4669,False,EMA trend UP (fast=2009.5604 > slow=2008.6552),47.47,2009.560352,2008.655194,5.499039,0.31
2026-06-01 01:17:30 UTC,SOLUSDT,NEUTRAL,LOW,0.8757,0.01214,0.7448,0.6853,True,Balanced book,,,,,
2026-06-01 01:17:30 UTC,XRPUSDT,LONG,HIGH,1.2126,0.00751,0.5641,0.4575,True,"EMA uptrend, RSI=47.5",47.46,1.333636,1.332915,0.003931,0.08
2026-06-01 01:17:31 UTC,ETHUSDT,SHORT,HIGH,0.3342,0.01844,0.4692,0.4669,False,EMA trend UP (fast=2009.4984 > slow=2008.6270),47.06,2009.498352,2008.627012,5.499039,0.31
2026-06-01 01:17:31 UTC,SOLUSDT,NEUTRAL,LOW,0.8896,0.01214,0.7448,0.6803,True,Balanced book,,,,,
2026-06-01 01:17:31 UTC,XRPUSDT,LONG,HIGH,1.4461,0.00751,0.5821,0.473,True,"EMA uptrend, RSI=47.5",47.46,1.333636,1.332915,0.003931,0.08
2026-06-01 01:17:32 UTC,ETHUSDT,SHORT,HIGH,0.3413,0.01844,0.4692,0.4768,False,EMA trend UP (fast=2009.4984 > slow=2008.6270),47.06,2009.498352,2008.627012,5.499039,0.31
2026-06-01 01:17:32 UTC,SOLUSDT,SHORT,HIGH,0.7317,0.01214,0.75,0.5427,False,EMA trend UP (fast=82.5126 > slow=82.3542),51.49,82.512595,82.354202,0.277536,0.12
2026-06-01 01:17:32 UTC,XRPUSDT,LONG,HIGH,1.3973,0.00751,0.6191,0.4807,True,"EMA uptrend, RSI=47.5",47.46,1.333636,1.332915,0.003931,0.08
2026-06-01 01:17:33 UTC,ETHUSDT,SHORT,HIGH,0.2852,0.01296,0.4546,0.4724,False,EMA trend UP (fast=2009.4984 > slow=2008.6270),47.06,2009.498352,2008.627012,5.499039,0.31
2026-06-01 01:17:33 UTC,SOLUSDT,SHORT,HIGH,0.7436,0.01214,0.75,0.5353,False,EMA trend UP (fast=82.5166 > slow=82.3560),51.95,82.516595,82.356021,0.277536,0.12
2026-06-01 01:17:34 UTC,XRPUSDT,LONG,HIGH,1.3973,0.00751,0.6191,0.4807,True,"EMA uptrend, RSI=47.5",47.46,1.333636,1.332915,0.003931,0.08
2026-06-01 01:17:34 UTC,ETHUSDT,SHORT,HIGH,0.5875,0.00199,0.3309,0.4595,False,EMA trend UP (fast=2009.4984 > slow=2008.6270),47.06,2009.498352,2008.627012,5.499039,0.31
2026-06-01 01:17:34 UTC,SOLUSDT,SHORT,HIGH,0.7572,0.01214,0.75,0.5268,False,EMA trend UP (fast=82.5166 > slow=82.3560),51.95,82.516595,82.356021,0.277536,0.12
2026-06-01 01:17:35 UTC,XRPUSDT,LONG,HIGH,1.3973,0.00751,0.6191,0.4807,True,"EMA uptrend, RSI=47.5",47.46,1.333636,1.332915,0.003931,0.08
2026-06-01 01:17:35 UTC,ETHUSDT,SHORT,HIGH,0.5875,0.00199,0.3309,0.4595,False,EMA trend UP (fast=2009.4984 > slow=2008.6270),47.06,2009.498352,2008.627012,5.499039,0.31
2026-06-01 01:17:36 UTC,SOLUSDT,SHORT,HIGH,0.6497,0.01214,0.7748,0.4157,False,EMA trend UP (fast=82.5166 > slow=82.3560),51.95,82.516595,82.356021,0.277536,0.12
2026-06-01 01:17:36 UTC,XRPUSDT,LONG,HIGH,1.3973,0.00751,0.6191,0.4807,True,"EMA uptrend, RSI=47.5",47.46,1.333636,1.332915,0.003931,0.08
2026-06-01 01:17:37 UTC,ETHUSDT,SHORT,HIGH,0.4692,0.0015,0.3804,0.4595,False,EMA trend UP (fast=2009.4984 > slow=2008.6270),47.06,2009.498352,2008.627012,5.499039,0.31
2026-06-01 01:17:37 UTC,SOLUSDT,SHORT,HIGH,0.6558,0.01214,0.7748,0.4102,False,EMA trend UP (fast=82.5166 > slow=82.3560),51.95,82.516595,82.356021,0.277536,0.12
2026-06-01 01:17:37 UTC,XRPUSDT,LONG,HIGH,1.6443,0.00751,0.6224,0.5624,True,"EMA uptrend, RSI=47.5",47.46,1.333636,1.332915,0.003931,0.08
2026-06-01 01:17:38 UTC,ETHUSDT,SHORT,HIGH,0.4692,0.0015,0.3804,0.4595,False,EMA trend UP (fast=2009.4984 > slow=2008.6270),47.06,2009.498352,2008.627012,5.499039,0.31
2026-06-01 01:17:38 UTC,SOLUSDT,SHORT,HIGH,0.6726,0.01214,0.7748,0.3951,False,EMA trend UP (fast=82.5166 > slow=82.3560),51.95,82.516595,82.356021,0.277536,0.13
2026-06-01 01:17:38 UTC,XRPUSDT,LONG,HIGH,1.5947,0.00751,0.6267,0.5492,True,"EMA uptrend, RSI=48.6",48.6,1.333756,1.33297,0.003998,0.19
2026-06-01 01:17:39 UTC,ETHUSDT,SHORT,HIGH,0.4692,0.0015,0.3804,0.4595,False,EMA trend UP (fast=2009.5824 > slow=2008.6652),47.61,2009.582352,2008.665194,5.508372,0.33
2026-06-01 01:17:39 UTC,SOLUSDT,SHORT,HIGH,0.7402,0.01214,0.744,0.3575,False,EMA trend UP (fast=82.5166 > slow=82.3560),51.95,82.516595,82.356021,0.277536,0.13
2026-06-01 01:17:40 UTC,ETHUSDT,SHORT,HIGH,0.472,0.0015,0.3525,0.4928,False,EMA trend UP (fast=2009.5824 > slow=2008.6652),47.61,2009.582352,2008.665194,5.508372,0.33
2026-06-01 01:17:40 UTC,SOLUSDT,SHORT,HIGH,0.6741,0.01214,0.7675,0.3581,False,EMA trend UP (fast=82.5166 > slow=82.3560),51.95,82.516595,82.356021,0.277536,0.13
2026-06-01 01:17:41 UTC,ETHUSDT,SHORT,HIGH,0.472,0.0015,0.3525,0.4928,False,EMA trend UP (fast=2009.5824 > slow=2008.6652),47.61,2009.582352,2008.665194,5.508372,0.33
2026-06-01 01:17:41 UTC,SOLUSDT,SHORT,HIGH,0.6741,0.01214,0.7675,0.3581,False,EMA trend UP (fast=82.5166 > slow=82.3560),51.95,82.516595,82.356021,0.277536,0.13
2026-06-01 01:17:42 UTC,ETHUSDT,SHORT,HIGH,0.472,0.0015,0.3525,0.4928,False,EMA trend UP (fast=2009.5824 > slow=2008.6652),47.61,2009.582352,2008.665194,5.508372,0.33
2026-06-01 01:17:42 UTC,SOLUSDT,SHORT,HIGH,0.6741,0.01214,0.7675,0.3581,False,EMA trend UP (fast=82.5166 > slow=82.3560),51.95,82.516595,82.356021,0.277536,0.13
2026-06-01 01:17:43 UTC,ETHUSDT,SHORT,HIGH,0.472,0.0015,0.3525,0.4928,False,EMA trend UP (fast=2009.5824 > slow=2008.6652),47.61,2009.582352,2008.665194,5.508372,0.33
2026-06-01 01:17:44 UTC,SOLUSDT,SHORT,HIGH,0.6812,0.01214,0.7675,0.3619,False,EMA trend UP (fast=82.5166 > slow=82.3560),51.95,82.516595,82.356021,0.277536,0.13
2026-06-01 01:17:44 UTC,ETHUSDT,SHORT,HIGH,0.4721,0.0015,0.3525,0.4929,False,EMA trend UP (fast=2009.5824 > slow=2008.6652),47.61,2009.582352,2008.665194,5.508372,0.33
2026-06-01 01:17:45 UTC,SOLUSDT,SHORT,HIGH,0.6516,0.01214,0.78,0.3666,False,EMA trend UP (fast=82.5166 > slow=82.3560),51.95,82.516595,82.356021,0.277536,0.13
2026-06-01 01:17:45 UTC,ETHUSDT,SHORT,HIGH,0.3386,0.00149,0.3401,0.516,False,EMA trend UP (fast=2009.5824 > slow=2008.6652),47.61,2009.582352,2008.665194,5.508372,0.33
2026-06-01 01:17:46 UTC,SOLUSDT,SHORT,HIGH,0.6516,0.01214,0.78,0.3666,False,EMA trend UP (fast=82.5166 > slow=82.3560),51.95,82.516595,82.356021,0.277536,0.13
2026-06-01 01:17:46 UTC,ETHUSDT,SHORT,HIGH,0.3386,0.00149,0.3401,0.516,False,EMA trend UP (fast=2009.5824 > slow=2008.6652),47.61,2009.582352,2008.665194,5.508372,0.33
2026-06-01 01:17:47 UTC,SOLUSDT,SHORT,HIGH,0.6528,0.02428,0.78,0.3673,False,EMA trend UP (fast=82.5166 > slow=82.3560),51.95,82.516595,82.356021,0.277536,0.13
2026-06-01 01:17:47 UTC,ETHUSDT,SHORT,HIGH,0.3386,0.00149,0.3401,0.516,False,EMA trend UP (fast=2009.5824 > slow=2008.6652),47.61,2009.582352,2008.665194,5.508372,0.33
2026-06-01 01:17:48 UTC,SOLUSDT,SHORT,HIGH,0.6528,0.02428,0.78,0.3673,False,EMA trend UP (fast=82.5166 > slow=82.3560),51.95,82.516595,82.356021,0.277536,0.13
2026-06-01 01:17:48 UTC,ETHUSDT,SHORT,HIGH,0.3386,0.00149,0.3401,0.516,False,EMA trend UP (fast=2009.5824 > slow=2008.6652),47.61,2009.582352,2008.665194,5.508372,0.33
2026-06-01 01:17:49 UTC,SOLUSDT,SHORT,HIGH,0.6385,0.02428,0.7975,0.3673,False,EMA trend UP (fast=82.5166 > slow=82.3560),51.95,82.516595,82.356021,0.277536,0.13
2026-06-01 01:17:49 UTC,ETHUSDT,SHORT,HIGH,0.3386,0.00149,0.3401,0.516,False,EMA trend UP (fast=2009.5864 > slow=2008.6670),47.63,2009.586352,2008.667012,5.508372,0.34
2026-06-01 01:17:50 UTC,SOLUSDT,SHORT,HIGH,0.695,0.02428,0.7766,0.352,False,EMA trend UP (fast=82.5166 > slow=82.3560),51.95,82.516595,82.356021,0.277536,0.2
2026-06-01 01:17:50 UTC,ETHUSDT,SHORT,HIGH,0.3004,0.001,0.385,0.5182,False,EMA trend UP (fast=2009.5864 > slow=2008.6670),47.63,2009.586352,2008.667012,5.508372,0.34
2026-06-01 01:17:51 UTC,SOLUSDT,SHORT,MODERATE,0.6807,0.02428,0.7975,0.3482,False,EMA trend UP (fast=82.5166 > slow=82.3560),51.95,82.516595,82.356021,0.277536,0.2
2026-06-01 01:17:51 UTC,ETHUSDT,SHORT,HIGH,0.3004,0.001,0.385,0.5182,False,EMA trend UP (fast=2009.5864 > slow=2008.6670),47.63,2009.586352,2008.667012,5.508372,0.34
2026-06-01 01:17:52 UTC,SOLUSDT,SHORT,MODERATE,0.6807,0.02428,0.7975,0.3482,False,EMA trend UP (fast=82.5166 > slow=82.3560),51.95,82.516595,82.356021,0.277536,0.2
2026-06-01 01:17:52 UTC,ETHUSDT,SHORT,HIGH,0.3148,0.00149,0.3673,0.5182,False,EMA trend UP (fast=2009.5864 > slow=2008.6670),47.63,2009.586352,2008.667012,5.508372,0.34
2026-06-01 01:17:53 UTC,SOLUSDT,SHORT,MODERATE,0.6807,0.02428,0.7975,0.3482,False,EMA trend UP (fast=82.5166 > slow=82.3560),51.95,82.516595,82.356021,0.277536,0.2
2026-06-01 01:17:53 UTC,ETHUSDT,SHORT,HIGH,0.3265,0.00299,0.3542,0.5182,False,EMA trend UP (fast=2009.5864 > slow=2008.6670),47.63,2009.586352,2008.667012,5.508372,0.34
2026-06-01 01:17:54 UTC,SOLUSDT,SHORT,MODERATE,0.6807,0.02428,0.7975,0.3482,False,EMA trend UP (fast=82.5166 > slow=82.3560),51.95,82.516595,82.356021,0.277536,0.2
2026-06-01 01:17:54 UTC,ETHUSDT,SHORT,HIGH,0.3265,0.00299,0.3542,0.5182,False,EMA trend UP (fast=2009.5844 > slow=2008.6661),47.62,2009.584352,2008.666103,5.511039,0.34
2026-06-01 01:17:55 UTC,SOLUSDT,SHORT,HIGH,0.7087,0.01214,0.7572,0.3586,False,EMA trend UP (fast=82.5186 > slow=82.3569),52.18,82.518595,82.35693,0.27887,0.23
2026-06-01 01:17:55 UTC,ETHUSDT,SHORT,HIGH,0.475,0.00598,0.4449,0.5182,False,EMA trend UP (fast=2009.5844 > slow=2008.6661),47.62,2009.584352,2008.666103,5.511039,0.34
2026-06-01 01:17:56 UTC,SOLUSDT,SHORT,HIGH,0.6958,0.01214,0.7713,0.3586,False,EMA trend UP (fast=82.5186 > slow=82.3569),52.18,82.518595,82.35693,0.27887,0.23
2026-06-01 01:17:57 UTC,ETHUSDT,SHORT,HIGH,0.4815,0.00797,0.4389,0.5182,False,EMA trend UP (fast=2009.5844 > slow=2008.6661),47.62,2009.584352,2008.666103,5.511039,0.34
2026-06-01 01:17:57 UTC,SOLUSDT,SHORT,HIGH,0.7174,0.01214,0.7713,0.3546,False,EMA trend UP (fast=82.5186 > slow=82.3569),52.18,82.518595,82.35693,0.27887,0.23
2026-06-01 01:17:58 UTC,ETHUSDT,SHORT,HIGH,0.4815,0.00797,0.4389,0.5182,False,EMA trend UP (fast=2009.5844 > slow=2008.6661),47.62,2009.584352,2008.666103,5.511039,0.34
2026-06-01 01:17:58 UTC,SOLUSDT,SHORT,HIGH,0.7174,0.01214,0.7712,0.3546,False,EMA trend UP (fast=82.5186 > slow=82.3569),52.18,82.518595,82.35693,0.27887,0.23
2026-06-01 01:17:59 UTC,ETHUSDT,SHORT,HIGH,0.499,0.00199,0.4235,0.5182,False,EMA trend UP (fast=2009.5844 > slow=2008.6661),47.62,2009.584352,2008.666103,5.511039,0.34
2026-06-01 01:17:59 UTC,SOLUSDT,SHORT,HIGH,0.7381,0.01214,0.7527,0.3622,False,EMA trend UP (fast=82.5186 > slow=82.3569),52.18,82.518595,82.35693,0.27887,0.23
2026-06-01 01:18:00 UTC,ETHUSDT,SHORT,HIGH,0.499,0.00199,0.4235,0.5182,False,EMA trend UP (fast=2009.5844 > slow=2008.6661),47.62,2009.584352,2008.666103,5.511039,0.34
2026-06-01 01:18:00 UTC,SOLUSDT,SHORT,HIGH,0.7381,0.01214,0.7526,0.3622,False,EMA trend UP (fast=82.5186 > slow=82.3569),52.18,82.518595,82.35693,0.27887,0.23
2026-06-01 01:18:01 UTC,ETHUSDT,SHORT,HIGH,0.4207,0.00199,0.4651,0.5182,False,EMA trend UP (fast=2009.5844 > slow=2008.6661),47.62,2009.584352,2008.666103,5.511039,0.34
2026-06-01 01:18:01 UTC,SOLUSDT,SHORT,HIGH,0.7381,0.01214,0.7526,0.3622,False,EMA trend UP (fast=82.5186 > slow=82.3569),52.18,82.518595,82.35693,0.27887,0.23
2026-06-01 01:18:02 UTC,ETHUSDT,SHORT,HIGH,0.5294,0.00847,0.4162,0.5182,False,EMA trend UP (fast=2009.5844 > slow=2008.6661),47.62,2009.584352,2008.666103,5.511039,0.34
2026-06-01 01:18:02 UTC,SOLUSDT,SHORT,HIGH,0.782,0.01214,0.7526,0.3838,False,EMA trend UP (fast=82.5186 > slow=82.3569),52.18,82.518595,82.35693,0.27887,0.23
2026-06-01 01:18:03 UTC,ETHUSDT,SHORT,HIGH,0.5377,0.01096,0.4098,0.5182,False,EMA trend UP (fast=2009.5844 > slow=2008.6661),47.62,2009.584352,2008.666103,5.511039,0.34
2026-06-01 01:18:03 UTC,SOLUSDT,SHORT,HIGH,0.7977,0.01214,0.7398,0.3838,False,EMA trend UP (fast=82.5186 > slow=82.3569),52.18,82.518595,82.35693,0.27887,0.23
2026-06-01 01:18:04 UTC,ETHUSDT,SHORT,HIGH,0.5892,0.01096,0.3739,0.5182,False,EMA trend UP (fast=2009.5844 > slow=2008.6661),47.62,2009.584352,2008.666103,5.511039,0.34
2026-06-01 01:18:04 UTC,SOLUSDT,SHORT,HIGH,0.8168,0.01214,0.7283,0.3838,False,EMA trend UP (fast=82.5186 > slow=82.3569),52.18,82.518595,82.35693,0.27887,0.23
2026-06-01 01:18:05 UTC,ETHUSDT,SHORT,HIGH,0.5883,0.01545,0.3745,0.5182,False,EMA trend UP (fast=2009.5844 > slow=2008.6661),47.62,2009.584352,2008.666103,5.511039,0.34
2026-06-01 01:18:05 UTC,SOLUSDT,NEUTRAL,LOW,0.8538,0.01214,0.7322,0.4066,True,Balanced book,,,,,
2026-06-01 01:18:06 UTC,ETHUSDT,SHORT,HIGH,0.6721,0.01545,0.3873,0.5182,False,EMA trend UP (fast=2009.5844 > slow=2008.6661),47.62,2009.584352,2008.666103,5.511039,0.34
2026-06-01 01:18:06 UTC,SOLUSDT,NEUTRAL,LOW,0.8409,0.01214,0.7435,0.4066,True,Balanced book,,,,,
2026-06-01 01:18:07 UTC,ETHUSDT,SHORT,HIGH,0.6537,0.01595,0.3982,0.5182,False,EMA trend UP (fast=2009.5824 > slow=2008.6652),47.61,2009.582352,2008.665194,5.511039,0.34
2026-06-01 01:18:07 UTC,SOLUSDT,NEUTRAL,LOW,0.8409,0.01214,0.7435,0.4066,True,Balanced book,,,,,
2026-06-01 01:18:07 UTC,ETHUSDT,SHORT,HIGH,0.6537,0.01595,0.3982,0.5182,False,EMA trend UP (fast=2009.5824 > slow=2008.6652),47.61,2009.582352,2008.665194,5.511039,0.34
2026-06-01 01:18:08 UTC,SOLUSDT,NEUTRAL,LOW,0.8532,0.01214,0.7221,0.4066,True,Balanced book,,,,,
2026-06-01 01:18:08 UTC,ETHUSDT,SHORT,HIGH,0.6314,0.01595,0.377,0.5182,False,EMA trend UP (fast=2009.5824 > slow=2008.6652),47.61,2009.582352,2008.665194,5.511039,0.34
2026-06-01 01:18:08 UTC,SOLUSDT,NEUTRAL,LOW,0.8574,0.02428,0.7248,0.4066,True,Balanced book,,,,,
2026-06-01 01:18:09 UTC,ETHUSDT,SHORT,HIGH,0.5056,0.02293,0.4667,0.5182,False,EMA trend UP (fast=2009.5824 > slow=2008.6652),47.61,2009.582352,2008.665194,5.511039,0.34
2026-06-01 01:18:09 UTC,SOLUSDT,NEUTRAL,LOW,0.8563,0.02428,0.73,0.4066,True,Balanced book,,,,,
2026-06-01 01:18:10 UTC,ETHUSDT,SHORT,HIGH,0.6292,0.01146,0.4611,0.5004,False,EMA trend UP (fast=2009.5824 > slow=2008.6652),47.61,2009.582352,2008.665194,5.511039,0.34
2026-06-01 01:18:10 UTC,SOLUSDT,NEUTRAL,LOW,0.8417,0.02428,0.7427,0.4066,True,Balanced book,,,,,
2026-06-01 01:18:11 UTC,ETHUSDT,SHORT,HIGH,0.6292,0.01146,0.4611,0.5004,False,EMA trend UP (fast=2009.5824 > slow=2008.6652),47.61,2009.582352,2008.665194,5.511039,0.34
2026-06-01 01:18:11 UTC,SOLUSDT,NEUTRAL,LOW,0.8417,0.02428,0.7427,0.4066,True,Balanced book,,,,,
2026-06-01 01:18:12 UTC,ETHUSDT,SHORT,HIGH,0.5951,0.01146,0.4876,0.5004,False,EMA trend UP (fast=2009.5824 > slow=2008.6652),47.61,2009.582352,2008.665194,5.511039,0.34
2026-06-01 01:18:12 UTC,SOLUSDT,NEUTRAL,LOW,0.8417,0.02428,0.7427,0.4066,True,Balanced book,,,,,
2026-06-01 01:18:13 UTC,ETHUSDT,SHORT,HIGH,0.5951,0.01146,0.4876,0.5004,False,EMA trend UP (fast=2009.5824 > slow=2008.6652),47.61,2009.582352,2008.665194,5.511039,0.34
2026-06-01 01:18:13 UTC,SOLUSDT,NEUTRAL,LOW,0.8417,0.02428,0.7427,0.4066,True,Balanced book,,,,,
2026-06-01 01:18:14 UTC,ETHUSDT,SHORT,HIGH,0.5999,0.01196,0.4837,0.5004,False,EMA trend UP (fast=2009.5824 > slow=2008.6652),47.61,2009.582352,2008.665194,5.511039,0.34
2026-06-01 01:18:14 UTC,SOLUSDT,NEUTRAL,LOW,0.8301,0.02428,0.7448,0.4066,True,Balanced book,,,,,
2026-06-01 01:18:14 UTC,ETHUSDT,SHORT,HIGH,0.5942,0.01246,0.4884,0.5004,False,EMA trend UP (fast=2009.5824 > slow=2008.6652),47.61,2009.582352,2008.665194,5.511039,0.34
2026-06-01 01:18:15 UTC,SOLUSDT,NEUTRAL,LOW,0.8301,0.02428,0.7448,0.4066,True,Balanced book,,,,,
2026-06-01 01:18:15 UTC,ETHUSDT,SHORT,HIGH,0.5942,0.01246,0.4884,0.5004,False,EMA trend UP (fast=2009.5824 > slow=2008.6652),47.61,2009.582352,2008.665194,5.511039,0.34
2026-06-01 01:18:15 UTC,SOLUSDT,NEUTRAL,LOW,0.8301,0.02428,0.7448,0.4066,True,Balanced book,,,,,
2026-06-01 01:18:16 UTC,ETHUSDT,SHORT,HIGH,0.5942,0.01246,0.4884,0.5004,False,EMA trend UP (fast=2009.5824 > slow=2008.6652),47.61,2009.582352,2008.665194,5.511039,0.34
2026-06-01 01:18:17 UTC,SOLUSDT,SHORT,HIGH,0.823,0.02428,0.7513,0.4066,False,EMA trend UP (fast=82.5186 > slow=82.3569),52.18,82.518595,82.35693,0.27887,0.23
2026-06-01 01:18:17 UTC,ETHUSDT,SHORT,HIGH,0.5942,0.01246,0.4884,0.5004,False,EMA trend UP (fast=2009.4984 > slow=2008.6270),47.06,2009.498352,2008.627012,5.511039,0.34
2026-06-01 01:18:17 UTC,SOLUSDT,NEUTRAL,LOW,0.8474,0.02428,0.7436,0.4066,True,Balanced book,,,,,
2026-06-01 01:18:18 UTC,ETHUSDT,SHORT,HIGH,0.5675,0.01246,0.4643,0.5004,False,EMA trend UP (fast=2009.4984 > slow=2008.6270),47.06,2009.498352,2008.627012,5.511039,0.34
2026-06-01 01:18:18 UTC,SOLUSDT,NEUTRAL,LOW,0.8474,0.02428,0.7436,0.4066,True,Balanced book,,,,,
2026-06-01 01:18:19 UTC,ETHUSDT,SHORT,HIGH,0.5384,0.01246,0.4344,0.5004,False,EMA trend UP (fast=2009.4984 > slow=2008.6270),47.06,2009.498352,2008.627012,5.511039,0.34
2026-06-01 01:18:19 UTC,SOLUSDT,SHORT,HIGH,0.8167,0.02428,0.7486,0.4066,False,EMA trend UP (fast=82.5166 > slow=82.3560),51.95,82.516595,82.356021,0.27887,0.23
2026-06-01 01:18:20 UTC,ETHUSDT,SHORT,HIGH,0.5384,0.01246,0.4344,0.5004,False,EMA trend UP (fast=2009.4984 > slow=2008.6270),47.06,2009.498352,2008.627012,5.511039,0.34
2026-06-01 01:18:20 UTC,SOLUSDT,NEUTRAL,LOW,0.8349,0.03643,0.7323,0.4066,True,Balanced book,,,,,
2026-06-01 01:18:21 UTC,ETHUSDT,SHORT,HIGH,0.5384,0.01246,0.4344,0.5004,False,EMA trend UP (fast=2009.4984 > slow=2008.6270),47.06,2009.498352,2008.627012,5.511039,0.34
2026-06-01 01:18:21 UTC,SOLUSDT,NEUTRAL,LOW,0.8349,0.03643,0.7323,0.4066,True,Balanced book,,,,,
2026-06-01 01:18:22 UTC,ETHUSDT,SHORT,HIGH,0.5466,0.01296,0.4279,0.5004,False,EMA trend UP (fast=2009.4984 > slow=2008.6270),47.06,2009.498352,2008.627012,5.511039,0.34
2026-06-01 01:18:22 UTC,SOLUSDT,NEUTRAL,LOW,0.8349,0.03643,0.7323,0.4066,True,Balanced book,,,,,
2026-06-01 01:18:23 UTC,ETHUSDT,SHORT,HIGH,0.5466,0.01296,0.4279,0.5004,False,EMA trend UP (fast=2009.4944 > slow=2008.6252),47.04,2009.494352,2008.625194,5.511039,0.34
2026-06-01 01:18:23 UTC,SOLUSDT,NEUTRAL,LOW,0.8314,0.03643,0.7353,0.4066,True,Balanced book,,,,,
2026-06-01 01:18:24 UTC,ETHUSDT,SHORT,HIGH,0.7268,0.01495,0.5384,0.5004,False,EMA trend UP (fast=2009.4944 > slow=2008.6252),47.04,2009.494352,2008.625194,5.511039,0.34
2026-06-01 01:18:24 UTC,SOLUSDT,NEUTRAL,LOW,0.8314,0.03643,0.7353,0.4066,True,Balanced book,,,,,
2026-06-01 01:18:25 UTC,ETHUSDT,SHORT,HIGH,0.7294,0.01595,0.5365,0.5004,False,EMA trend UP (fast=2009.4944 > slow=2008.6252),47.04,2009.494352,2008.625194,5.511039,0.34
2026-06-01 01:18:25 UTC,SOLUSDT,NEUTRAL,LOW,0.8531,0.03643,0.734,0.4066,True,Balanced book,,,,,
2026-06-01 01:18:25 UTC,ETHUSDT,SHORT,HIGH,0.7029,0.01595,0.519,0.5004,False,EMA trend UP (fast=2009.4944 > slow=2008.6252),47.04,2009.494352,2008.625194,5.511039,0.34
2026-06-01 01:18:26 UTC,SOLUSDT,SHORT,HIGH,0.8257,0.03643,0.7371,0.4066,False,EMA trend UP (fast=82.5126 > slow=82.3542),51.49,82.512595,82.354202,0.27887,0.23
2026-06-01 01:18:26 UTC,ETHUSDT,SHORT,HIGH,0.6631,0.01595,0.4902,0.5004,False,EMA trend UP (fast=2009.4944 > slow=2008.6252),47.04,2009.494352,2008.625194,5.511039,0.34
2026-06-01 01:18:27 UTC,SOLUSDT,SHORT,HIGH,0.8258,0.03643,0.7371,0.4066,False,EMA trend UP (fast=82.5126 > slow=82.3542),51.49,82.512595,82.354202,0.27887,0.23
2026-06-01 01:18:28 UTC,ETHUSDT,SHORT,HIGH,0.5968,0.01595,0.4929,0.5004,False,EMA trend UP (fast=2009.4944 > slow=2008.6252),47.04,2009.494352,2008.625194,5.511039,0.34
2026-06-01 01:18:28 UTC,SOLUSDT,NEUTRAL,LOW,0.8344,0.03643,0.7214,0.4066,True,Balanced book,,,,,
2026-06-01 01:18:28 UTC,ETHUSDT,SHORT,HIGH,0.5912,0.01645,0.4976,0.5004,False,EMA trend UP (fast=2009.4944 > slow=2008.6252),47.04,2009.494352,2008.625194,5.511039,0.34
2026-06-01 01:18:29 UTC,SOLUSDT,NEUTRAL,LOW,0.8353,0.03643,0.7285,0.4066,True,Balanced book,,,,,
2026-06-01 01:18:29 UTC,ETHUSDT,SHORT,HIGH,0.5979,0.01745,0.5167,0.5004,False,EMA trend UP (fast=2009.4944 > slow=2008.6252),47.04,2009.494352,2008.625194,5.511039,0.34
2026-06-01 01:18:30 UTC,SOLUSDT,SHORT,HIGH,0.8283,0.03643,0.7346,0.4066,False,EMA trend UP (fast=82.5126 > slow=82.3542),51.49,82.512595,82.354202,0.27887,0.23
2026-06-01 01:18:30 UTC,ETHUSDT,SHORT,HIGH,0.5374,0.01944,0.5258,0.4742,False,EMA trend UP (fast=2009.4944 > slow=2008.6252),47.04,2009.494352,2008.625194,5.511039,0.34
2026-06-01 01:18:31 UTC,SOLUSDT,SHORT,HIGH,0.8283,0.03643,0.7346,0.4066,False,EMA trend UP (fast=82.5126 > slow=82.3542),51.49,82.512595,82.354202,0.27887,0.23
2026-06-01 01:18:31 UTC,ETHUSDT,SHORT,HIGH,0.5033,0.01944,0.5614,0.4742,False,EMA trend UP (fast=2009.4944 > slow=2008.6252),47.04,2009.494352,2008.625194,5.511039,0.34
2026-06-01 01:18:32 UTC,SOLUSDT,SHORT,HIGH,0.8282,0.03643,0.7345,0.4066,False,EMA trend UP (fast=82.5126 > slow=82.3542),51.49,82.512595,82.354202,0.27887,0.23
2026-06-01 01:18:32 UTC,ETHUSDT,SHORT,HIGH,0.5659,0.02044,0.521,0.4742,False,EMA trend UP (fast=2009.4944 > slow=2008.6252),47.04,2009.494352,2008.625194,5.511039,0.34
2026-06-01 01:18:32 UTC,SOLUSDT,NEUTRAL,LOW,0.8466,0.03643,0.7365,0.4066,True,Balanced book,,,,,
2026-06-01 01:18:33 UTC,ETHUSDT,NEUTRAL,LOW,1.0263,0.02443,0.4771,0.4742,True,Balanced book,,,,,
2026-06-01 01:18:33 UTC,SOLUSDT,SHORT,HIGH,0.821,0.03643,0.7595,0.4066,False,EMA trend UP (fast=82.5126 > slow=82.3542),51.49,82.512595,82.354202,0.27887,0.23
2026-06-01 01:18:34 UTC,ETHUSDT,NEUTRAL,LOW,1.0263,0.02443,0.4771,0.4742,True,Balanced book,,,,,
2026-06-01 01:18:34 UTC,SOLUSDT,SHORT,HIGH,0.8168,0.03643,0.7605,0.4066,False,EMA trend UP (fast=82.5126 > slow=82.3542),51.49,82.512595,82.354202,0.27887,0.23
2026-06-01 01:18:35 UTC,ETHUSDT,NEUTRAL,LOW,1.0263,0.02443,0.4771,0.4742,True,Balanced book,,,,,
2026-06-01 01:18:35 UTC,SOLUSDT,SHORT,HIGH,0.8168,0.03643,0.7605,0.4066,False,EMA trend UP (fast=82.5126 > slow=82.3542),51.49,82.512595,82.354202,0.27887,0.23
2026-06-01 01:18:36 UTC,ETHUSDT,NEUTRAL,LOW,0.937,0.02443,0.5184,0.4742,True,Balanced book,,,,,
2026-06-01 01:18:36 UTC,SOLUSDT,SHORT,HIGH,0.8168,0.03643,0.7605,0.4066,False,EMA trend UP (fast=82.5126 > slow=82.3542),51.49,82.512595,82.354202,0.27887,0.23
2026-06-01 01:18:37 UTC,ETHUSDT,NEUTRAL,LOW,0.937,0.02443,0.5184,0.4742,True,Balanced book,,,,,
2026-06-01 01:18:37 UTC,SOLUSDT,SHORT,HIGH,0.8168,0.03643,0.7605,0.4066,False,EMA trend UP (fast=82.5126 > slow=82.3542),51.49,82.512595,82.354202,0.27887,0.23
2026-06-01 01:18:37 UTC,ETHUSDT,NEUTRAL,LOW,0.8915,0.02443,0.5449,0.4742,True,Balanced book,,,,,
2026-06-01 01:18:38 UTC,SOLUSDT,NEUTRAL,LOW,0.8495,0.03643,0.7278,0.4066,True,Balanced book,,,,,
2026-06-01 01:18:38 UTC,ETHUSDT,NEUTRAL,LOW,1.0393,0.02493,0.5639,0.4742,True,Balanced book,,,,,
2026-06-01 01:18:38 UTC,SOLUSDT,SHORT,HIGH,0.8267,0.02428,0.7478,0.4066,False,EMA trend UP (fast=82.5126 > slow=82.3542),51.49,82.512595,82.354202,0.27887,0.23
2026-06-01 01:18:39 UTC,ETHUSDT,NEUTRAL,LOW,1.0866,0.02542,0.5393,0.4742,True,Balanced book,,,,,
2026-06-01 01:18:39 UTC,SOLUSDT,NEUTRAL,LOW,0.843,0.02428,0.722,0.4066,True,Balanced book,,,,,
2026-06-01 01:18:40 UTC,ETHUSDT,NEUTRAL,LOW,1.0866,0.02542,0.5393,0.4742,True,Balanced book,,,,,
2026-06-01 01:18:40 UTC,SOLUSDT,NEUTRAL,LOW,0.843,0.02428,0.722,0.4066,True,Balanced book,,,,,
2026-06-01 01:18:40 UTC,ETHUSDT,NEUTRAL,LOW,0.8325,0.03689,0.5639,0.5184,True,Balanced book,,,,,
2026-06-01 01:18:41 UTC,SOLUSDT,NEUTRAL,LOW,0.843,0.02428,0.722,0.4066,True,Balanced book,,,,,
2026-06-01 01:18:41 UTC,ETHUSDT,NEUTRAL,LOW,0.8758,0.03689,0.536,0.5184,True,Balanced book,,,,,
2026-06-01 01:18:41 UTC,SOLUSDT,NEUTRAL,LOW,0.8429,0.03643,0.722,0.4066,True,Balanced book,,,,,
2026-06-01 01:18:42 UTC,ETHUSDT,NEUTRAL,LOW,0.9191,0.04038,0.5108,0.5184,True,Balanced book,,,,,
2026-06-01 01:18:42 UTC,SOLUSDT,NEUTRAL,LOW,0.843,0.02428,0.722,0.4066,True,Balanced book,,,,,
2026-06-01 01:18:43 UTC,ETHUSDT,NEUTRAL,LOW,0.8877,0.04487,0.5288,0.5184,True,Balanced book,,,,,
2026-06-01 01:18:43 UTC,SOLUSDT,NEUTRAL,LOW,0.8429,0.03643,0.722,0.4066,True,Balanced book,,,,,
2026-06-01 01:18:43 UTC,ETHUSDT,NEUTRAL,LOW,0.8877,0.04487,0.5288,0.5184,True,Balanced book,,,,,
2026-06-01 01:18:44 UTC,SOLUSDT,NEUTRAL,LOW,0.8359,0.02428,0.7206,0.4066,True,Balanced book,,,,,
2026-06-01 01:18:44 UTC,ETHUSDT,NEUTRAL,LOW,0.9242,0.04637,0.508,0.5184,True,Balanced book,,,,,
2026-06-01 01:18:44 UTC,SOLUSDT,NEUTRAL,LOW,0.8359,0.02428,0.7206,0.4066,True,Balanced book,,,,,
2026-06-01 01:18:45 UTC,ETHUSDT,NEUTRAL,LOW,0.8738,0.04637,0.5372,0.5184,True,Balanced book,,,,,
2026-06-01 01:18:45 UTC,SOLUSDT,NEUTRAL,LOW,0.8359,0.02428,0.7206,0.4066,True,Balanced book,,,,,
2026-06-01 01:18:46 UTC,ETHUSDT,NEUTRAL,LOW,0.8738,0.04637,0.5372,0.5184,True,Balanced book,,,,,
2026-06-01 01:18:46 UTC,SOLUSDT,NEUTRAL,LOW,0.8359,0.02428,0.7206,0.4066,True,Balanced book,,,,,
2026-06-01 01:18:46 UTC,BTCUSDT,SHORT,HIGH,0.1156,0.00258,0.467,0.651,False,EMA trend UP (fast=73743.2868 > slow=73739.8377),43.52,73743.286775,73739.837668,147.291708,0.21
2026-06-01 01:18:47 UTC,ETHUSDT,NEUTRAL,LOW,0.8904,0.04786,0.5273,0.5184,True,Balanced book,,,,,
2026-06-01 01:18:47 UTC,SOLUSDT,SHORT,HIGH,0.8252,0.03643,0.725,0.4066,False,EMA trend UP (fast=82.5146 > slow=82.3551),51.72,82.514595,82.355111,0.27887,0.23
2026-06-01 01:18:47 UTC,BNBUSDT,SHORT,HIGH,0.5651,0.01834,0.5358,0.4068,True,"EMA downtrend, RSI=43.6",43.56,710.50359,711.079791,2.578932,0.65
2026-06-01 01:18:47 UTC,XRPUSDT,SHORT,HIGH,0.751,0.00751,0.8156,0.4633,False,EMA trend UP (fast=1.3337 > slow=1.3330),48.23,1.333716,1.332952,0.004078,0.33
2026-06-01 01:18:48 UTC,BTCUSDT,SHORT,HIGH,0.1123,0.00258,0.4784,0.6478,False,EMA trend UP (fast=73743.2868 > slow=73739.8377),43.52,73743.286775,73739.837668,147.291708,0.21
2026-06-01 01:18:48 UTC,ETHUSDT,NEUTRAL,LOW,0.8904,0.04786,0.5273,0.5184,True,Balanced book,,,,,
2026-06-01 01:18:48 UTC,SOLUSDT,SHORT,HIGH,0.8252,0.03643,0.725,0.4066,False,EMA trend UP (fast=82.5146 > slow=82.3551),51.72,82.514595,82.355111,0.27887,0.23
2026-06-01 01:18:49 UTC,XRPUSDT,SHORT,HIGH,0.7385,0.00751,0.8125,0.4633,False,EMA trend UP (fast=1.3337 > slow=1.3330),48.23,1.333716,1.332952,0.004078,0.33
2026-06-01 01:18:49 UTC,BTCUSDT,SHORT,HIGH,0.0865,0.00258,0.4337,0.6478,False,EMA trend UP (fast=73743.2868 > slow=73739.8377),43.52,73743.286775,73739.837668,147.291708,0.21
2026-06-01 01:18:49 UTC,ETHUSDT,NEUTRAL,LOW,0.8904,0.04786,0.5273,0.5184,True,Balanced book,,,,,
2026-06-01 01:18:50 UTC,SOLUSDT,SHORT,HIGH,0.8257,0.03643,0.7309,0.4066,False,EMA trend UP (fast=82.5146 > slow=82.3551),51.72,82.514595,82.355111,0.27887,0.23
2026-06-01 01:18:50 UTC,XRPUSDT,SHORT,HIGH,0.7385,0.00751,0.8125,0.4633,False,EMA trend UP (fast=1.3337 > slow=1.3330),48.23,1.333716,1.332952,0.004078,0.33
2026-06-01 01:18:50 UTC,BTCUSDT,SHORT,HIGH,0.1185,0.00258,0.4328,0.6478,False,EMA trend UP (fast=73743.2868 > slow=73739.8377),43.52,73743.286775,73739.837668,147.291708,0.21
2026-06-01 01:18:50 UTC,ETHUSDT,NEUTRAL,LOW,0.8904,0.04786,0.5273,0.5184,True,Balanced book,,,,,
2026-06-01 01:18:51 UTC,SOLUSDT,SHORT,HIGH,0.8257,0.02428,0.7309,0.4066,False,EMA trend UP (fast=82.5146 > slow=82.3551),51.72,82.514595,82.355111,0.27887,0.23
2026-06-01 01:18:51 UTC,XRPUSDT,SHORT,HIGH,0.7385,0.00751,0.8125,0.4633,False,EMA trend UP (fast=1.3337 > slow=1.3330),48.23,1.333716,1.332952,0.004078,0.33
2026-06-01 01:18:51 UTC,BTCUSDT,SHORT,HIGH,0.1176,0.00258,0.4362,0.6478,False,EMA trend UP (fast=73743.2868 > slow=73739.8377),43.52,73743.286775,73739.837668,147.291708,0.21
2026-06-01 01:18:52 UTC,ETHUSDT,NEUTRAL,LOW,0.8904,0.04786,0.5273,0.5184,True,Balanced book,,,,,
2026-06-01 01:18:52 UTC,SOLUSDT,SHORT,HIGH,0.8257,0.02428,0.7309,0.4066,False,EMA trend UP (fast=82.5146 > slow=82.3551),51.72,82.514595,82.355111,0.27887,0.23
2026-06-01 01:18:52 UTC,XRPUSDT,SHORT,HIGH,0.7385,0.00751,0.8125,0.4633,False,EMA trend UP (fast=1.3337 > slow=1.3329),48.04,1.333696,1.332943,0.004078,0.34
2026-06-01 01:18:53 UTC,BTCUSDT,SHORT,HIGH,0.1185,0.00258,0.4329,0.6478,False,EMA trend UP (fast=73743.2868 > slow=73739.8377),43.52,73743.286775,73739.837668,147.291708,0.21
2026-06-01 01:18:53 UTC,ETHUSDT,NEUTRAL,LOW,0.9823,0.04786,0.4843,0.5184,True,Balanced book,,,,,
2026-06-01 01:18:53 UTC,SOLUSDT,NEUTRAL,LOW,0.8347,0.02428,0.7355,0.4066,True,Balanced book,,,,,
2026-06-01 01:18:53 UTC,XRPUSDT,SHORT,HIGH,0.7385,0.00751,0.8125,0.4633,False,EMA trend UP (fast=1.3337 > slow=1.3329),48.04,1.333696,1.332943,0.004078,0.34
2026-06-01 01:18:54 UTC,BTCUSDT,SHORT,HIGH,0.1185,0.00258,0.4329,0.6478,False,EMA trend UP (fast=73743.2868 > slow=73739.8377),43.52,73743.286775,73739.837668,147.291708,0.21
2026-06-01 01:18:54 UTC,ETHUSDT,NEUTRAL,LOW,0.9853,0.04836,0.4828,0.5184,True,Balanced book,,,,,
2026-06-01 01:18:54 UTC,SOLUSDT,NEUTRAL,LOW,0.8347,0.02428,0.7355,0.4066,True,Balanced book,,,,,
2026-06-01 01:18:54 UTC,XRPUSDT,SHORT,HIGH,0.7385,0.00751,0.8125,0.4633,False,EMA trend UP (fast=1.3337 > slow=1.3329),48.04,1.333696,1.332943,0.004078,0.34
2026-06-01 01:18:55 UTC,BTCUSDT,SHORT,HIGH,0.2478,0.00258,0.6101,0.6478,False,EMA trend UP (fast=73743.2868 > slow=73739.8377),43.52,73743.286775,73739.837668,147.291708,0.21
2026-06-01 01:18:55 UTC,ETHUSDT,NEUTRAL,LOW,0.9853,0.04836,0.4828,0.5184,True,Balanced book,,,,,
2026-06-01 01:18:55 UTC,SOLUSDT,SHORT,HIGH,0.8263,0.03643,0.7487,0.4066,False,EMA trend UP (fast=82.5146 > slow=82.3551),51.72,82.514595,82.355111,0.27887,0.23
2026-06-01 01:18:55 UTC,XRPUSDT,SHORT,HIGH,0.7294,0.00751,0.8101,0.4633,False,EMA trend UP (fast=1.3337 > slow=1.3329),48.04,1.333696,1.332943,0.004078,0.34
2026-06-01 01:18:56 UTC,BTCUSDT,SHORT,HIGH,0.2167,0.00258,0.6813,0.6478,False,EMA trend UP (fast=73743.2868 > slow=73739.8377),43.52,73743.286775,73739.837668,147.291708,0.21
2026-06-01 01:18:56 UTC,ETHUSDT,NEUTRAL,LOW,0.9596,0.04886,0.4957,0.5184,True,Balanced book,,,,,
2026-06-01 01:18:56 UTC,SOLUSDT,SHORT,HIGH,0.8263,0.03643,0.7487,0.4066,False,EMA trend UP (fast=82.5146 > slow=82.3551),51.72,82.514595,82.355111,0.27887,0.23
2026-06-01 01:18:57 UTC,XRPUSDT,SHORT,HIGH,0.7182,0.00751,0.7992,0.4609,False,EMA trend UP (fast=1.3337 > slow=1.3329),48.04,1.333696,1.332943,0.004078,0.34
2026-06-01 01:18:57 UTC,BTCUSDT,SHORT,HIGH,0.2176,0.00258,0.6785,0.6478,False,EMA trend UP (fast=73743.2868 > slow=73739.8377),43.52,73743.286775,73739.837668,147.291708,0.21
2026-06-01 01:18:57 UTC,ETHUSDT,NEUTRAL,LOW,0.9596,0.04886,0.4957,0.5184,True,Balanced book,,,,,
2026-06-01 01:18:58 UTC,SOLUSDT,SHORT,HIGH,0.8263,0.02428,0.7487,0.4066,False,EMA trend UP (fast=82.5146 > slow=82.3551),51.72,82.514595,82.355111,0.27887,0.23
2026-06-01 01:18:58 UTC,XRPUSDT,SHORT,HIGH,0.7096,0.00751,0.8044,0.4609,False,EMA trend UP (fast=1.3337 > slow=1.3329),48.04,1.333696,1.332943,0.004078,0.34
2026-06-01 01:18:58 UTC,BTCUSDT,SHORT,HIGH,0.3055,0.00258,0.5489,0.6478,False,EMA trend UP (fast=73743.2868 > slow=73739.8377),43.52,73743.286775,73739.837668,147.291708,0.21
2026-06-01 01:18:58 UTC,ETHUSDT,NEUTRAL,LOW,0.891,0.04886,0.5227,0.5184,True,Balanced book,,,,,
2026-06-01 01:18:59 UTC,SOLUSDT,NEUTRAL,LOW,0.8839,0.03643,0.7308,0.4066,True,Balanced book,,,,,
2026-06-01 01:18:59 UTC,XRPUSDT,SHORT,HIGH,0.7096,0.00751,0.8044,0.4609,False,EMA trend UP (fast=1.3337 > slow=1.3329),48.04,1.333696,1.332943,0.004078,0.34
2026-06-01 01:18:59 UTC,BTCUSDT,SHORT,HIGH,0.3064,0.00258,0.5472,0.6478,False,EMA trend UP (fast=73743.2868 > slow=73739.8377),43.52,73743.286775,73739.837668,147.291708,0.21
2026-06-01 01:18:59 UTC,ETHUSDT,NEUTRAL,LOW,0.8693,0.04936,0.478,0.5184,True,Balanced book,,,,,
2026-06-01 01:19:00 UTC,SOLUSDT,NEUTRAL,LOW,0.8624,0.04857,0.749,0.4066,True,Balanced book,,,,,
2026-06-01 01:19:00 UTC,XRPUSDT,SHORT,HIGH,0.6778,0.00751,0.8254,0.4517,False,EMA trend UP (fast=1.3337 > slow=1.3329),48.04,1.333696,1.332943,0.004078,0.34
2026-06-01 01:19:00 UTC,BTCUSDT,SHORT,HIGH,0.3018,0.00258,0.6159,0.6478,False,EMA trend UP (fast=73743.2868 > slow=73739.8377),43.52,73743.286775,73739.837668,147.291708,0.21
2026-06-01 01:19:01 UTC,ETHUSDT,NEUTRAL,LOW,0.8693,0.04936,0.478,0.5184,True,Balanced book,,,,,
2026-06-01 01:19:01 UTC,SOLUSDT,NEUTRAL,LOW,0.8441,0.04857,0.7693,0.4066,True,Balanced book,,,,,
2026-06-01 01:20:57 UTC,BTCUSDT,SHORT,HIGH,0.3273,0.00014,0.7609,0.5954,False,EMA trend UP (fast=73744.5668 > slow=73740.4195),43.76,73744.566775,73740.419486,147.291708,0.33
2026-06-01 01:20:57 UTC,ETHUSDT,LONG,HIGH,3.4549,0.00299,0.4585,0.3619,True,"EMA uptrend, RSI=45.1",45.07,2009.206352,2008.494285,5.511039,0.5
2026-06-01 01:20:58 UTC,SOLUSDT,SHORT,HIGH,0.73,0.07288,0.952,0.4163,False,EMA trend UP (fast=82.5066 > slow=82.3515),50.78,82.506595,82.351475,0.27887,0.24
2026-06-01 01:20:58 UTC,BNBUSDT,LONG,HIGH,1.8598,0.00565,0.4769,0.5127,False,EMA trend DOWN (fast=710.4036 < slow=711.0343),42.63,710.40359,711.034337,2.586932,0.76
2026-06-01 01:20:58 UTC,XRPUSDT,NEUTRAL,LOW,0.9856,0.00752,0.6339,0.4153,True,Balanced book,,,,,
2026-06-01 01:20:59 UTC,BTCUSDT,SHORT,HIGH,0.1673,0.00014,0.3392,0.5954,False,EMA trend UP (fast=73744.5668 > slow=73740.4195),43.76,73744.566775,73740.419486,147.291708,0.33
2026-06-01 01:20:59 UTC,SOLUSDT,SHORT,HIGH,0.7258,0.06072,0.9823,0.4163,False,EMA trend UP (fast=82.5086 > slow=82.3524),51.02,82.508595,82.352384,0.27887,0.24
2026-06-01 01:21:00 UTC,BNBUSDT,LONG,HIGH,1.7839,0.00565,0.4971,0.5127,False,EMA trend DOWN (fast=710.4036 < slow=711.0343),42.63,710.40359,711.034337,2.586932,0.76
2026-06-01 01:21:00 UTC,XRPUSDT,NEUTRAL,LOW,1.0165,0.00752,0.6339,0.397,True,Balanced book,,,,,
2026-06-01 01:21:01 UTC,BTCUSDT,SHORT,HIGH,0.2088,0.00014,0.4035,0.5954,False,EMA trend UP (fast=73744.5668 > slow=73740.4195),43.76,73744.566775,73740.419486,147.291708,0.33
2026-06-01 01:21:01 UTC,SOLUSDT,SHORT,HIGH,0.7487,0.06072,0.9673,0.4163,False,EMA trend UP (fast=82.5086 > slow=82.3524),51.02,82.508595,82.352384,0.27887,0.24
2026-06-01 01:21:02 UTC,BNBUSDT,LONG,HIGH,1.7458,0.00565,0.508,0.5127,False,EMA trend DOWN (fast=710.4036 < slow=711.0343),42.63,710.40359,711.034337,2.586932,0.76
2026-06-01 01:21:02 UTC,XRPUSDT,NEUTRAL,LOW,1.0499,0.00752,0.6339,0.399,True,Balanced book,,,,,
2026-06-01 01:21:02 UTC,BTCUSDT,SHORT,HIGH,0.2088,0.00014,0.4035,0.5954,False,EMA trend UP (fast=73744.5668 > slow=73740.4195),43.76,73744.566775,73740.419486,147.291708,0.33
2026-06-01 01:21:03 UTC,SOLUSDT,SHORT,HIGH,0.7487,0.06072,0.9673,0.4163,False,EMA trend UP (fast=82.5086 > slow=82.3524),51.02,82.508595,82.352384,0.27887,0.24
2026-06-01 01:21:04 UTC,BNBUSDT,LONG,HIGH,2.0873,0.00565,0.4249,0.5127,False,EMA trend DOWN (fast=710.4036 < slow=711.0343),42.63,710.40359,711.034337,2.586932,0.76
2026-06-01 01:21:04 UTC,XRPUSDT,NEUTRAL,LOW,1.0499,0.00752,0.6339,0.399,True,Balanced book,,,,,
2026-06-01 01:21:05 UTC,BTCUSDT,SHORT,HIGH,0.2088,0.00014,0.4035,0.5954,False,EMA trend UP (fast=73744.5668 > slow=73740.4195),43.76,73744.566775,73740.419486,147.291708,0.33
2026-06-01 01:21:05 UTC,SOLUSDT,SHORT,HIGH,0.7862,0.04857,0.934,0.4163,False,EMA trend UP (fast=82.5126 > slow=82.3542),51.49,82.512595,82.354202,0.27887,0.24
2026-06-01 01:21:06 UTC,BNBUSDT,LONG,HIGH,2.0873,0.00565,0.4249,0.5127,False,EMA trend DOWN (fast=710.4036 < slow=711.0343),42.63,710.40359,711.034337,2.586932,0.76
2026-06-01 01:21:06 UTC,XRPUSDT,NEUTRAL,LOW,1.0288,0.00752,0.6339,0.391,True,Balanced book,,,,,
2026-06-01 01:21:07 UTC,BTCUSDT,SHORT,HIGH,0.1979,0.00014,0.53,0.5954,False,EMA trend UP (fast=73744.5668 > slow=73740.4195),43.76,73744.566775,73740.419486,147.291708,0.33
2026-06-01 01:21:08 UTC,SOLUSDT,SHORT,HIGH,0.7385,0.06072,0.9753,0.4163,False,EMA trend UP (fast=82.5126 > slow=82.3542),51.49,82.512595,82.354202,0.27887,0.24
2026-06-01 01:21:08 UTC,BNBUSDT,LONG,HIGH,2.0873,0.00565,0.4249,0.5127,False,EMA trend DOWN (fast=710.4036 < slow=711.0343),42.63,710.40359,711.034337,2.586932,0.76
2026-06-01 01:21:08 UTC,XRPUSDT,NEUTRAL,LOW,0.9635,0.00752,0.6499,0.3754,True,Balanced book,,,,,
2026-06-01 01:21:09 UTC,BTCUSDT,SHORT,HIGH,0.2247,0.00014,0.3375,0.5954,False,EMA trend UP (fast=73744.5668 > slow=73740.4195),43.76,73744.566775,73740.419486,147.291708,0.33
2026-06-01 01:21:09 UTC,SOLUSDT,SHORT,HIGH,0.7484,0.07288,0.8988,0.4163,False,EMA trend UP (fast=82.5126 > slow=82.3542),51.49,82.512595,82.354202,0.27887,0.24
2026-06-01 01:21:10 UTC,BNBUSDT,LONG,HIGH,2.1636,0.00565,0.4099,0.5127,False,EMA trend DOWN (fast=710.4036 < slow=711.0343),42.63,710.40359,711.034337,2.586932,0.76
2026-06-01 01:21:10 UTC,XRPUSDT,NEUTRAL,LOW,0.923,0.00752,0.6499,0.3596,True,Balanced book,,,,,
2026-06-01 01:21:12 UTC,BTCUSDT,SHORT,HIGH,0.4439,0.00014,0.754,0.5954,False,EMA trend UP (fast=73744.5668 > slow=73740.4195),43.76,73744.566775,73740.419486,147.291708,0.33
2026-06-01 01:21:12 UTC,SOLUSDT,SHORT,HIGH,0.7152,0.03644,0.9545,0.4163,False,EMA trend UP (fast=82.5126 > slow=82.3542),51.49,82.512595,82.354202,0.27887,0.24
2026-06-01 01:21:13 UTC,BNBUSDT,LONG,HIGH,2.2588,0.00565,0.3926,0.5127,False,EMA trend DOWN (fast=710.4036 < slow=711.0343),42.63,710.40359,711.034337,2.586932,0.76
2026-06-01 01:21:13 UTC,XRPUSDT,NEUTRAL,LOW,0.9055,0.00752,0.6499,0.3528,True,Balanced book,,,,,
2026-06-01 01:21:14 UTC,BTCUSDT,SHORT,HIGH,0.2754,0.00014,0.6449,0.5954,False,EMA trend UP (fast=73744.5668 > slow=73740.4195),43.76,73744.566775,73740.419486,147.291708,0.33
2026-06-01 01:21:14 UTC,SOLUSDT,SHORT,HIGH,0.7482,0.03644,0.897,0.4163,False,EMA trend UP (fast=82.5126 > slow=82.3542),51.49,82.512595,82.354202,0.27887,0.24
2026-06-01 01:21:15 UTC,BNBUSDT,LONG,HIGH,2.2588,0.00565,0.3926,0.5127,False,EMA trend DOWN (fast=710.4036 < slow=711.0343),42.63,710.40359,711.034337,2.586932,0.76
2026-06-01 01:21:15 UTC,XRPUSDT,NEUTRAL,LOW,0.8975,0.00752,0.6499,0.3526,True,Balanced book,,,,,
2026-06-01 01:21:15 UTC,BTCUSDT,SHORT,HIGH,0.2696,0.00014,0.6589,0.5954,False,EMA trend UP (fast=73744.5668 > slow=73740.4195),43.76,73744.566775,73740.419486,147.291708,0.33
2026-06-01 01:21:16 UTC,SOLUSDT,SHORT,HIGH,0.6848,0.03644,0.9801,0.4163,False,EMA trend UP (fast=82.5066 > slow=82.3515),50.78,82.506595,82.351475,0.27887,0.24
2026-06-01 01:21:17 UTC,BNBUSDT,LONG,HIGH,2.0691,0.00565,0.4286,0.5127,False,EMA trend DOWN (fast=710.4036 < slow=711.0343),42.63,710.40359,711.034337,2.586932,0.76
2026-06-01 01:21:17 UTC,XRPUSDT,NEUTRAL,LOW,0.8975,0.00752,0.6499,0.3526,True,Balanced book,,,,,
2026-06-01 01:21:17 UTC,BTCUSDT,SHORT,HIGH,0.1658,0.00014,0.3685,0.5954,False,EMA trend UP (fast=73744.5668 > slow=73740.4195),43.76,73744.566775,73740.419486,147.291708,0.33
2026-06-01 01:21:18 UTC,SOLUSDT,SHORT,HIGH,0.6765,0.03644,0.9777,0.4163,False,EMA trend UP (fast=82.5066 > slow=82.3515),50.78,82.506595,82.351475,0.27887,0.24
2026-06-01 01:21:19 UTC,BNBUSDT,LONG,HIGH,2.0691,0.00565,0.4286,0.5127,False,EMA trend DOWN (fast=710.4036 < slow=711.0343),42.63,710.40359,711.034337,2.586932,0.76
2026-06-01 01:21:19 UTC,XRPUSDT,NEUTRAL,LOW,0.8896,0.00752,0.6499,0.3549,True,Balanced book,,,,,
2026-06-01 01:21:20 UTC,BTCUSDT,SHORT,HIGH,0.1945,0.00014,0.3689,0.5954,False,EMA trend UP (fast=73744.5668 > slow=73740.4195),43.76,73744.566775,73740.419486,147.291708,0.33
2026-06-01 01:21:20 UTC,SOLUSDT,SHORT,HIGH,0.669,0.02429,0.9769,0.4163,False,EMA trend UP (fast=82.5066 > slow=82.3515),50.78,82.506595,82.351475,0.27887,0.24
2026-06-01 01:21:21 UTC,BNBUSDT,LONG,HIGH,2.202,0.00565,0.4027,0.5127,False,EMA trend DOWN (fast=710.4036 < slow=711.0343),42.63,710.40359,711.034337,2.586932,0.76
2026-06-01 01:21:21 UTC,XRPUSDT,NEUTRAL,LOW,0.8918,0.00752,0.6499,0.3558,True,Balanced book,,,,,
2026-06-01 01:21:22 UTC,BTCUSDT,SHORT,HIGH,0.1684,0.00014,0.426,0.5954,False,EMA trend UP (fast=73744.5668 > slow=73740.4195),43.76,73744.566775,73740.419486,147.291708,0.33
2026-06-01 01:21:23 UTC,SOLUSDT,SHORT,HIGH,0.6865,0.03644,0.9561,0.4163,False,EMA trend UP (fast=82.5066 > slow=82.3515),50.78,82.506595,82.351475,0.27887,0.24
2026-06-01 01:21:23 UTC,BNBUSDT,LONG,HIGH,2.0311,0.00565,0.4366,0.5127,False,EMA trend DOWN (fast=710.4036 < slow=711.0343),42.63,710.40359,711.034337,2.586932,0.76
2026-06-01 01:21:23 UTC,XRPUSDT,NEUTRAL,LOW,0.8995,0.00752,0.6499,0.3505,True,Balanced book,,,,,
2026-06-01 01:21:24 UTC,BTCUSDT,SHORT,HIGH,0.1478,0.00014,0.3772,0.5954,False,EMA trend UP (fast=73744.5668 > slow=73740.4195),43.76,73744.566775,73740.419486,147.291708,0.33
2026-06-01 01:21:25 UTC,SOLUSDT,SHORT,HIGH,0.6976,0.02429,0.9533,0.4163,False,EMA trend UP (fast=82.5066 > slow=82.3515),50.78,82.506595,82.351475,0.27887,0.24
2026-06-01 01:21:25 UTC,BNBUSDT,LONG,HIGH,1.9733,0.00565,0.4494,0.5127,False,EMA trend DOWN (fast=710.4036 < slow=711.0343),42.63,710.40359,711.034337,2.586932,0.76
2026-06-01 01:21:25 UTC,XRPUSDT,NEUTRAL,LOW,0.8743,0.00752,0.6499,0.3673,True,Balanced book,,,,,
2026-06-01 01:21:27 UTC,BTCUSDT,SHORT,HIGH,0.1645,0.00014,0.3389,0.5954,False,EMA trend UP (fast=73744.5668 > slow=73740.4195),43.76,73744.566775,73740.419486,147.291708,0.33
2026-06-01 01:21:27 UTC,SOLUSDT,SHORT,HIGH,0.7477,0.01214,0.9538,0.4464,False,EMA trend UP (fast=82.5066 > slow=82.3515),50.78,82.506595,82.351475,0.27887,0.24
2026-06-01 01:21:28 UTC,BNBUSDT,LONG,HIGH,1.9353,0.00565,0.4582,0.5127,False,EMA trend DOWN (fast=710.4036 < slow=711.0343),42.63,710.40359,711.034337,2.586932,0.76
2026-06-01 01:21:28 UTC,XRPUSDT,NEUTRAL,LOW,0.8625,0.00752,0.6499,0.3624,True,Balanced book,,,,,
2026-06-01 01:21:29 UTC,BTCUSDT,SHORT,HIGH,0.1559,0.00014,0.3575,0.5954,False,EMA trend UP (fast=73744.5668 > slow=73740.4195),43.76,73744.566775,73740.419486,147.291708,0.33
2026-06-01 01:21:29 UTC,SOLUSDT,SHORT,HIGH,0.7945,0.01214,0.9303,0.4343,False,EMA trend UP (fast=82.5066 > slow=82.3515),50.78,82.506595,82.351475,0.27887,0.24
2026-06-01 01:21:30 UTC,BNBUSDT,LONG,HIGH,2.1063,0.00565,0.421,0.5127,False,EMA trend DOWN (fast=710.4036 < slow=711.0343),42.63,710.40359,711.034337,2.586932,0.76
2026-06-01 01:21:30 UTC,XRPUSDT,NEUTRAL,LOW,0.8706,0.00752,0.6499,0.3835,True,Balanced book,,,,,
2026-06-01 01:21:32 UTC,BTCUSDT,SHORT,HIGH,0.1842,0.00136,0.4208,0.6227,False,EMA trend UP (fast=73744.5668 > slow=73740.4195),43.76,73744.566775,73740.419486,147.291708,0.33
2026-06-01 01:21:32 UTC,SOLUSDT,NEUTRAL,LOW,0.8484,0.01214,0.9814,0.4876,True,Balanced book,,,,,
2026-06-01 01:21:33 UTC,BNBUSDT,LONG,HIGH,1.9161,0.00565,0.4628,0.5127,False,EMA trend DOWN (fast=710.4036 < slow=711.0343),42.63,710.40359,711.034337,2.586932,0.76
2026-06-01 01:21:33 UTC,XRPUSDT,NEUTRAL,LOW,0.8758,0.00752,0.6499,0.3859,True,Balanced book,,,,,
2026-06-01 01:21:34 UTC,BTCUSDT,SHORT,HIGH,0.1968,0.00136,0.4208,0.5701,False,EMA trend UP (fast=73744.5668 > slow=73740.4195),43.76,73744.566775,73740.419486,147.291708,0.33
2026-06-01 01:21:34 UTC,SOLUSDT,NEUTRAL,LOW,0.9106,0.01214,0.8886,0.517,True,Balanced book,,,,,
2026-06-01 01:21:34 UTC,BNBUSDT,LONG,HIGH,1.8211,0.00565,0.4869,0.5127,False,EMA trend DOWN (fast=710.4036 < slow=711.0343),42.63,710.40359,711.034337,2.586932,0.76
2026-06-01 01:21:35 UTC,XRPUSDT,NEUTRAL,LOW,0.8823,0.00752,0.6499,0.4082,True,Balanced book,,,,,
2026-06-01 01:21:35 UTC,BTCUSDT,SHORT,HIGH,0.2064,0.00136,0.4208,0.5492,False,EMA trend UP (fast=73744.5868 > slow=73740.4286),43.76,73744.586775,73740.428577,147.291708,0.33
2026-06-01 01:21:35 UTC,SOLUSDT,NEUTRAL,LOW,0.9224,0.01214,0.9814,0.5809,True,Balanced book,,,,,
2026-06-01 01:21:36 UTC,BNBUSDT,LONG,HIGH,1.8973,0.00565,0.4674,0.5127,False,EMA trend DOWN (fast=710.4036 < slow=711.0343),42.63,710.40359,711.034337,2.586932,0.76
2026-06-01 01:21:36 UTC,XRPUSDT,NEUTRAL,LOW,0.8831,0.00752,0.6499,0.4086,True,Balanced book,,,,,
2026-06-01 01:21:37 UTC,BTCUSDT,SHORT,HIGH,0.2292,0.00136,0.4208,0.6102,False,EMA trend UP (fast=73744.5868 > slow=73740.4286),43.76,73744.586775,73740.428577,147.291708,0.33
2026-06-01 01:21:37 UTC,SOLUSDT,NEUTRAL,LOW,1.0575,0.01214,0.9239,0.6239,True,Balanced book,,,,,
2026-06-01 01:21:38 UTC,BNBUSDT,LONG,HIGH,1.9166,0.00565,0.4627,0.5127,False,EMA trend DOWN (fast=710.4036 < slow=711.0343),42.63,710.40359,711.034337,2.586932,0.76
2026-06-01 01:21:38 UTC,XRPUSDT,NEUTRAL,LOW,0.8768,0.00752,0.6499,0.4127,True,Balanced book,,,,,
2026-06-01 01:21:39 UTC,BTCUSDT,SHORT,HIGH,0.2863,0.00177,0.3903,0.6026,False,EMA trend UP (fast=73744.5868 > slow=73740.4286),43.76,73744.586775,73740.428577,147.291708,0.33
2026-06-01 01:21:39 UTC,SOLUSDT,NEUTRAL,LOW,1.0575,0.01214,0.9239,0.6239,True,Balanced book,,,,,
2026-06-01 01:21:40 UTC,BNBUSDT,LONG,HIGH,2.4114,0.00565,0.3677,0.5127,False,EMA trend DOWN (fast=710.4036 < slow=711.0343),42.63,710.40359,711.034337,2.586932,0.76
2026-06-01 01:21:40 UTC,XRPUSDT,NEUTRAL,LOW,0.8736,0.00752,0.6499,0.4123,True,Balanced book,,,,,
2026-06-01 01:21:41 UTC,BTCUSDT,SHORT,HIGH,0.3988,0.00177,0.6777,0.6026,False,EMA trend UP (fast=73744.7668 > slow=73740.5104),43.79,73744.766775,73740.510395,147.291708,0.35
2026-06-01 01:21:42 UTC,SOLUSDT,NEUTRAL,LOW,1.1416,0.01214,0.8699,0.5573,True,Balanced book,,,,,
2026-06-01 01:21:42 UTC,BNBUSDT,LONG,HIGH,2.2784,0.00565,0.3892,0.5127,False,EMA trend DOWN (fast=710.4036 < slow=711.0343),42.63,710.40359,711.034337,2.586932,0.76
2026-06-01 01:21:43 UTC,XRPUSDT,NEUTRAL,LOW,0.8897,0.00752,0.6499,0.4199,True,Balanced book,,,,,
2026-06-01 01:21:43 UTC,BTCUSDT,SHORT,HIGH,0.4232,0.00177,0.6387,0.6026,False,EMA trend UP (fast=73744.7668 > slow=73740.5104),43.79,73744.766775,73740.510395,147.291708,0.35
2026-06-01 01:21:44 UTC,SOLUSDT,NEUTRAL,LOW,1.0472,0.01215,0.8321,0.5078,True,Balanced book,,,,,
2026-06-01 01:21:44 UTC,BNBUSDT,LONG,HIGH,2.2784,0.00565,0.3892,0.5127,False,EMA trend DOWN (fast=710.4036 < slow=711.0343),42.63,710.40359,711.034337,2.586932,0.76
2026-06-01 01:21:44 UTC,XRPUSDT,NEUTRAL,LOW,0.8857,0.00752,0.6578,0.4199,True,Balanced book,,,,,
2026-06-01 01:21:45 UTC,BTCUSDT,SHORT,HIGH,0.4301,0.00177,0.7167,0.6026,False,EMA trend UP (fast=73744.7668 > slow=73740.5104),43.79,73744.766775,73740.510395,147.291708,0.35
2026-06-01 01:21:45 UTC,SOLUSDT,NEUTRAL,LOW,1.0472,0.01215,0.8321,0.5078,True,Balanced book,,,,,
2026-06-01 01:21:45 UTC,BNBUSDT,LONG,HIGH,2.3351,0.00565,0.3797,0.5127,False,EMA trend DOWN (fast=710.4036 < slow=711.0343),42.63,710.40359,711.034337,2.586932,0.76
2026-06-01 01:21:46 UTC,XRPUSDT,NEUTRAL,LOW,0.8958,0.01504,0.655,0.4252,True,Balanced book,,,,,
2026-06-01 01:21:46 UTC,BTCUSDT,SHORT,HIGH,0.5162,0.00177,0.6971,0.6026,False,EMA trend UP (fast=73744.7668 > slow=73740.5104),43.79,73744.766775,73740.510395,147.291708,0.35
2026-06-01 01:21:47 UTC,SOLUSDT,NEUTRAL,LOW,1.0405,0.01215,0.831,0.5078,True,Balanced book,,,,,
2026-06-01 01:21:47 UTC,BNBUSDT,LONG,HIGH,2.278,0.00565,0.3893,0.5127,False,EMA trend DOWN (fast=710.4036 < slow=711.0343),42.63,710.40359,711.034337,2.586932,0.76
2026-06-01 01:21:47 UTC,XRPUSDT,NEUTRAL,LOW,0.8958,0.01504,0.655,0.4252,True,Balanced book,,,,,
2026-06-01 01:21:48 UTC,BTCUSDT,SHORT,HIGH,0.5274,0.00666,0.6594,0.6185,False,EMA trend UP (fast=73744.7668 > slow=73740.5104),43.79,73744.766775,73740.510395,147.291708,0.35
2026-06-01 01:21:48 UTC,SOLUSDT,NEUTRAL,LOW,1.1779,0.01215,0.7268,0.5181,True,Balanced book,,,,,
2026-06-01 01:21:49 UTC,BNBUSDT,LONG,HIGH,2.2589,0.00565,0.3926,0.5127,False,EMA trend DOWN (fast=710.4036 < slow=711.0343),42.63,710.40359,711.034337,2.586932,0.76
2026-06-01 01:21:49 UTC,XRPUSDT,NEUTRAL,LOW,0.8958,0.01504,0.655,0.4252,True,Balanced book,,,,,
2026-06-01 01:21:50 UTC,BTCUSDT,SHORT,HIGH,0.4842,0.00666,0.629,0.6185,False,EMA trend UP (fast=73744.7668 > slow=73740.5104),43.79,73744.766775,73740.510395,147.291708,0.35
2026-06-01 01:21:50 UTC,SOLUSDT,NEUTRAL,LOW,1.0832,0.01215,0.7232,0.5237,True,Balanced book,,,,,
2026-06-01 01:21:51 UTC,BNBUSDT,LONG,HIGH,2.164,0.00565,0.4098,0.5127,False,EMA trend DOWN (fast=710.4036 < slow=711.0343),42.63,710.40359,711.034337,2.586932,0.76
2026-06-01 01:21:51 UTC,XRPUSDT,NEUTRAL,LOW,0.8732,0.00752,0.6547,0.4126,True,Balanced book,,,,,
2026-06-01 01:21:52 UTC,BTCUSDT,SHORT,HIGH,0.3548,0.00177,0.7208,0.6185,False,EMA trend UP (fast=73744.5668 > slow=73740.4195),43.76,73744.566775,73740.419486,147.291708,0.35
2026-06-01 01:21:52 UTC,SOLUSDT,NEUTRAL,LOW,1.0832,0.01215,0.7232,0.5237,True,Balanced book,,,,,
2026-06-01 01:21:53 UTC,BNBUSDT,LONG,HIGH,1.9743,0.00565,0.4491,0.5127,False,EMA trend DOWN (fast=710.4036 < slow=711.0343),42.63,710.40359,711.034337,2.586932,0.76
2026-06-01 01:21:53 UTC,XRPUSDT,NEUTRAL,LOW,0.8732,0.00752,0.6547,0.4126,True,Balanced book,,,,,
2026-06-01 01:21:54 UTC,BTCUSDT,SHORT,HIGH,0.4692,0.01536,0.5704,0.6026,False,EMA trend UP (fast=73744.5668 > slow=73740.4195),43.76,73744.566775,73740.419486,147.291708,0.35
2026-06-01 01:21:55 UTC,SOLUSDT,NEUTRAL,LOW,0.9575,0.01215,0.7664,0.5211,True,Balanced book,,,,,
2026-06-01 01:21:55 UTC,BNBUSDT,LONG,HIGH,1.9932,0.00565,0.4449,0.5127,False,EMA trend DOWN (fast=710.4036 < slow=711.0343),42.63,710.40359,711.034337,2.586932,0.76
2026-06-01 01:21:56 UTC,XRPUSDT,NEUTRAL,LOW,0.8844,0.01504,0.6547,0.4243,True,Balanced book,,,,,
2026-06-01 01:21:56 UTC,BTCUSDT,SHORT,HIGH,0.4905,0.00965,0.5704,0.6301,False,EMA trend UP (fast=73744.5668 > slow=73740.4195),43.76,73744.566775,73740.419486,147.291708,0.35
2026-06-01 01:21:57 UTC,SOLUSDT,NEUTRAL,LOW,0.9731,0.01215,0.8086,0.5435,True,Balanced book,,,,,
2026-06-01 01:21:57 UTC,BNBUSDT,LONG,HIGH,1.9165,0.00565,0.4627,0.5127,False,EMA trend DOWN (fast=710.4036 < slow=711.0343),42.63,710.40359,711.034337,2.586932,0.76
2026-06-01 01:21:57 UTC,XRPUSDT,NEUTRAL,LOW,0.8734,0.01504,0.6547,0.4374,True,Balanced book,,,,,
2026-06-01 01:21:58 UTC,BTCUSDT,SHORT,HIGH,0.4816,0.00788,0.5704,0.6185,False,EMA trend UP (fast=73743.9868 > slow=73740.1558),43.65,73743.986775,73740.155849,147.291708,0.35
2026-06-01 01:21:58 UTC,SOLUSDT,NEUTRAL,LOW,0.9109,0.01215,0.8638,0.5435,True,Balanced book,,,,,
2026-06-01 01:21:59 UTC,BNBUSDT,LONG,HIGH,1.8979,0.00565,0.4672,0.5127,False,EMA trend DOWN (fast=710.4036 < slow=711.0343),42.63,710.40359,711.034337,2.586932,0.76
2026-06-01 01:21:59 UTC,XRPUSDT,NEUTRAL,LOW,0.8352,0.02256,0.6547,0.4508,True,Balanced book,,,,,
2026-06-01 01:22:00 UTC,BTCUSDT,SHORT,HIGH,0.5356,0.01536,0.5578,0.6484,False,EMA trend UP (fast=73743.9868 > slow=73740.1558),43.65,73743.986775,73740.155849,147.291708,0.35
2026-06-01 01:22:01 UTC,SOLUSDT,NEUTRAL,LOW,0.9382,0.02429,0.8537,0.5577,True,Balanced book,,,,,
2026-06-01 01:22:01 UTC,BNBUSDT,LONG,HIGH,1.8979,0.00565,0.4672,0.5127,False,EMA trend DOWN (fast=710.4036 < slow=711.0343),42.63,710.40359,711.034337,2.586932,0.76
2026-06-01 01:22:01 UTC,XRPUSDT,NEUTRAL,LOW,0.8424,0.02256,0.6547,0.4547,True,Balanced book,,,,,
2026-06-01 01:22:02 UTC,BTCUSDT,SHORT,HIGH,0.5372,0.00448,0.5704,0.6651,False,EMA trend UP (fast=73743.9868 > slow=73740.1558),43.65,73743.986775,73740.155849,147.291708,0.35
2026-06-01 01:22:02 UTC,SOLUSDT,NEUTRAL,LOW,0.9577,0.03644,0.8911,0.5942,True,Balanced book,,,,,
2026-06-01 01:22:03 UTC,BNBUSDT,LONG,HIGH,2.0307,0.00565,0.4366,0.5127,False,EMA trend DOWN (fast=710.4036 < slow=711.0343),42.63,710.40359,711.034337,2.586932,0.76
2026-06-01 01:22:03 UTC,XRPUSDT,NEUTRAL,LOW,0.8551,0.02256,0.6547,0.4616,True,Balanced book,,,,,
2026-06-01 01:22:04 UTC,BTCUSDT,SHORT,HIGH,0.5561,0.00516,0.5704,0.6533,False,EMA trend UP (fast=73743.9868 > slow=73740.1558),43.65,73743.986775,73740.155849,147.291708,0.35
2026-06-01 01:22:05 UTC,SOLUSDT,NEUTRAL,LOW,0.9294,0.03644,0.9218,0.6424,True,Balanced book,,,,,
2026-06-01 01:22:05 UTC,BNBUSDT,LONG,HIGH,2.0118,0.00565,0.4407,0.5127,False,EMA trend DOWN (fast=710.4036 < slow=711.0343),42.63,710.40359,711.034337,2.586932,0.76
2026-06-01 01:22:06 UTC,XRPUSDT,NEUTRAL,LOW,0.8525,0.02256,0.6547,0.4602,True,Balanced book,,,,,
2026-06-01 01:22:06 UTC,BTCUSDT,SHORT,HIGH,0.5878,0.00843,0.5575,0.6415,False,EMA trend UP (fast=73743.9868 > slow=73740.1558),43.65,73743.986775,73740.155849,147.291708,0.35
2026-06-01 01:22:07 UTC,SOLUSDT,NEUTRAL,LOW,0.9443,0.02429,0.953,0.631,True,Balanced book,,,,,
2026-06-01 01:22:08 UTC,BNBUSDT,LONG,HIGH,2.0118,0.00565,0.4407,0.5127,False,EMA trend DOWN (fast=710.4036 < slow=711.0343),42.63,710.40359,711.034337,2.586932,0.76
2026-06-01 01:22:08 UTC,XRPUSDT,NEUTRAL,LOW,0.8485,0.02256,0.6547,0.458,True,Balanced book,,,,,
2026-06-01 01:22:09 UTC,BTCUSDT,SHORT,HIGH,0.6573,0.00027,0.5702,0.59,False,EMA trend UP (fast=73744.9268 > slow=73740.5831),43.82,73744.926775,73740.583122,147.291708,0.35
2026-06-01 01:22:09 UTC,SOLUSDT,NEUTRAL,LOW,0.8406,0.02429,0.9221,0.6048,True,Balanced book,,,,,
2026-06-01 01:22:10 UTC,BNBUSDT,LONG,HIGH,2.088,0.00565,0.4247,0.5127,False,EMA trend DOWN (fast=710.4036 < slow=711.0343),42.63,710.40359,711.034337,2.586932,0.76
2026-06-01 01:22:10 UTC,XRPUSDT,SHORT,HIGH,0.8129,0.02256,0.6547,0.4388,False,EMA trend UP (fast=1.3334 > slow=1.3328),45.47,1.333416,1.332815,0.004158,0.6
2026-06-01 01:22:11 UTC,BTCUSDT,SHORT,HIGH,0.7872,0.01604,0.5575,0.626,False,EMA trend UP (fast=73744.9268 > slow=73740.5831),43.82,73744.926775,73740.583122,147.291708,0.35
2026-06-01 01:22:12 UTC,SOLUSDT,SHORT,HIGH,0.8282,0.02429,0.9099,0.6545,False,EMA trend UP (fast=82.5106 > slow=82.3533),51.26,82.510595,82.353293,0.27887,0.27
2026-06-01 01:22:12 UTC,BNBUSDT,LONG,HIGH,2.0499,0.00565,0.4325,0.5127,False,EMA trend DOWN (fast=710.4036 < slow=711.0343),42.63,710.40359,711.034337,2.586932,0.76
2026-06-01 01:22:12 UTC,XRPUSDT,NEUTRAL,LOW,0.8388,0.02255,0.6547,0.401,True,Balanced book,,,,,
2026-06-01 01:22:13 UTC,BTCUSDT,SHORT,HIGH,0.7947,0.01046,0.5701,0.6139,False,EMA trend UP (fast=73744.9268 > slow=73740.5831),43.82,73744.926775,73740.583122,147.291708,0.35
2026-06-01 01:22:13 UTC,SOLUSDT,NEUTRAL,LOW,0.8775,0.03643,0.8929,0.7115,True,Balanced book,,,,,
2026-06-01 01:22:14 UTC,BNBUSDT,LONG,HIGH,1.9162,0.00565,0.4627,0.5127,False,EMA trend DOWN (fast=710.4036 < slow=711.0343),42.63,710.40359,711.034337,2.586932,0.76
2026-06-01 01:22:14 UTC,XRPUSDT,SHORT,HIGH,0.8135,0.02255,0.6547,0.3812,False,EMA trend UP (fast=1.3334 > slow=1.3328),45.47,1.333416,1.332815,0.004158,0.6
2026-06-01 01:22:15 UTC,BTCUSDT,NEUTRAL,LOW,1.0429,0.00843,0.5575,0.6235,True,Balanced book,,,,,
2026-06-01 01:22:16 UTC,SOLUSDT,NEUTRAL,LOW,0.9701,0.03643,0.8926,0.8106,True,Balanced book,,,,,
2026-06-01 01:22:16 UTC,BNBUSDT,LONG,HIGH,1.9162,0.00565,0.4627,0.5127,False,EMA trend DOWN (fast=710.4036 < slow=711.0343),42.63,710.40359,711.034337,2.586932,0.76
2026-06-01 01:22:16 UTC,XRPUSDT,SHORT,HIGH,0.8225,0.02255,0.6547,0.3854,False,EMA trend UP (fast=1.3334 > slow=1.3328),45.47,1.333416,1.332815,0.004158,0.6
2026-06-01 01:22:17 UTC,BTCUSDT,SHORT,HIGH,0.7101,0.00829,0.5702,0.7108,False,EMA trend UP (fast=73744.9268 > slow=73740.5831),43.82,73744.926775,73740.583122,147.291708,0.35
2026-06-01 01:22:18 UTC,SOLUSDT,NEUTRAL,LOW,1.0271,0.01214,0.8571,0.8106,True,Balanced book,,,,,
2026-06-01 01:22:18 UTC,BNBUSDT,LONG,HIGH,2.0499,0.00565,0.4325,0.5127,False,EMA trend DOWN (fast=710.4036 < slow=711.0343),42.63,710.40359,711.034337,2.586932,0.76
2026-06-01 01:22:19 UTC,XRPUSDT,SHORT,HIGH,0.8175,0.02255,0.6547,0.383,False,EMA trend UP (fast=1.3334 > slow=1.3328),45.64,1.333436,1.332824,0.004158,0.6
2026-06-01 01:22:20 UTC,BTCUSDT,SHORT,HIGH,0.6032,0.0106,0.5575,0.7342,False,EMA trend UP (fast=73744.9468 > slow=73740.5922),43.83,73744.946775,73740.592213,147.291708,0.35
2026-06-01 01:22:20 UTC,SOLUSDT,NEUTRAL,LOW,1.0103,0.01214,0.8188,0.8202,True,Balanced book,,,,,
2026-06-01 01:22:21 UTC,BNBUSDT,LONG,HIGH,1.9729,0.00565,0.4494,0.5127,False,EMA trend DOWN (fast=710.4036 < slow=711.0343),42.63,710.40359,711.034337,2.586932,0.76
2026-06-01 01:22:21 UTC,XRPUSDT,NEUTRAL,LOW,0.8407,0.03007,0.6547,0.367,True,Balanced book,,,,,
2026-06-01 01:22:22 UTC,BTCUSDT,SHORT,HIGH,0.2788,0.01508,0.5575,0.5576,False,EMA trend UP (fast=73744.9468 > slow=73740.5922),43.83,73744.946775,73740.592213,147.291708,0.35
2026-06-01 01:22:22 UTC,SOLUSDT,NEUTRAL,LOW,0.9934,0.01214,0.873,0.8597,True,Balanced book,,,,,
2026-06-01 01:22:23 UTC,BNBUSDT,LONG,HIGH,1.8971,0.00565,0.4674,0.5127,False,EMA trend DOWN (fast=710.4036 < slow=711.0343),42.63,710.40359,711.034337,2.586932,0.76
2026-06-01 01:22:23 UTC,XRPUSDT,NEUTRAL,LOW,0.8789,0.03007,0.6547,0.3769,True,Balanced book,,,,,
2026-06-01 01:22:24 UTC,BTCUSDT,SHORT,HIGH,0.2866,0.00285,0.5702,0.586,False,EMA trend UP (fast=73744.9468 > slow=73740.5922),43.83,73744.946775,73740.592213,147.291708,0.35
2026-06-01 01:22:24 UTC,SOLUSDT,NEUTRAL,LOW,1.0128,0.01214,0.8901,0.856,True,Balanced book,,,,,
2026-06-01 01:22:25 UTC,BNBUSDT,LONG,HIGH,2.0685,0.00565,0.4287,0.5127,False,EMA trend DOWN (fast=710.4116 < slow=711.0380),42.7,710.41159,711.037973,2.586932,0.76
2026-06-01 01:22:25 UTC,XRPUSDT,NEUTRAL,LOW,0.9074,0.03007,0.6547,0.3891,True,Balanced book,,,,,
2026-06-01 01:22:26 UTC,BTCUSDT,SHORT,HIGH,0.2637,0.00516,0.5833,0.6716,False,EMA trend UP (fast=73746.0268 > slow=73741.0831),44.03,73746.026775,73741.083122,147.291708,0.35
2026-06-01 01:22:27 UTC,SOLUSDT,NEUTRAL,LOW,0.9685,0.01214,0.8851,0.856,True,Balanced book,,,,,
2026-06-01 01:22:27 UTC,BNBUSDT,LONG,HIGH,1.9348,0.00565,0.4583,0.5127,False,EMA trend DOWN (fast=710.4116 < slow=711.0380),42.7,710.41159,711.037973,2.586932,0.76
2026-06-01 01:22:28 UTC,XRPUSDT,NEUTRAL,LOW,0.9216,0.03007,0.6547,0.3952,True,Balanced book,,,,,
2026-06-01 01:22:29 UTC,BTCUSDT,SHORT,HIGH,0.2771,0.00503,0.5991,0.7119,False,EMA trend UP (fast=73746.0268 > slow=73741.0831),44.03,73746.026775,73741.083122,147.291708,0.35
2026-06-01 01:22:29 UTC,SOLUSDT,NEUTRAL,LOW,0.9241,0.01214,0.8902,0.8168,True,Balanced book,,,,,
2026-06-01 01:22:29 UTC,BNBUSDT,LONG,HIGH,1.859,0.00565,0.477,0.5127,False,EMA trend DOWN (fast=710.4116 < slow=711.0380),42.7,710.41159,711.037973,2.586932,0.76
2026-06-01 01:22:30 UTC,XRPUSDT,NEUTRAL,LOW,0.8985,0.03007,0.6547,0.3853,True,Balanced book,,,,,
2026-06-01 01:22:31 UTC,BTCUSDT,SHORT,HIGH,0.3031,0.01671,0.5833,0.7583,False,EMA trend UP (fast=73746.0268 > slow=73741.0831),44.03,73746.026775,73741.083122,147.291708,0.35
2026-06-01 01:22:31 UTC,SOLUSDT,NEUTRAL,LOW,0.9414,0.01214,0.8902,0.8321,True,Balanced book,,,,,
2026-06-01 01:22:32 UTC,BNBUSDT,LONG,HIGH,1.84,0.00565,0.4819,0.5127,False,EMA trend DOWN (fast=710.4116 < slow=711.0380),42.7,710.41159,711.037973,2.586932,0.76
2026-06-01 01:22:32 UTC,XRPUSDT,NEUTRAL,LOW,0.9117,0.03759,0.6547,0.3909,True,Balanced book,,,,,
2026-06-01 01:22:33 UTC,BTCUSDT,SHORT,HIGH,0.3131,0.0091,0.5991,0.8043,False,EMA trend UP (fast=73746.0268 > slow=73741.0831),44.03,73746.026775,73741.083122,147.291708,0.35
2026-06-01 01:22:34 UTC,SOLUSDT,NEUTRAL,LOW,0.8452,0.02428,0.807,0.6858,True,Balanced book,,,,,
2026-06-01 01:22:34 UTC,BNBUSDT,LONG,HIGH,1.9348,0.00565,0.4583,0.5127,False,EMA trend DOWN (fast=710.4116 < slow=711.0380),42.7,710.41159,711.037973,2.586932,0.76
2026-06-01 01:22:35 UTC,XRPUSDT,NEUTRAL,LOW,0.9083,0.03759,0.6547,0.4105,True,Balanced book,,,,,
2026-06-01 01:22:36 UTC,BTCUSDT,SHORT,HIGH,0.3639,0.01386,0.6199,0.8442,False,EMA trend UP (fast=73746.0268 > slow=73741.0831),44.03,73746.026775,73741.083122,147.291708,0.35
2026-06-01 01:22:36 UTC,SOLUSDT,SHORT,HIGH,0.8076,0.02428,0.8499,0.6839,False,EMA trend UP (fast=82.5166 > slow=82.3560),51.95,82.516595,82.356021,0.27887,0.33
2026-06-01 01:22:36 UTC,BNBUSDT,LONG,HIGH,2.1069,0.00565,0.4208,0.5127,False,EMA trend DOWN (fast=710.4116 < slow=711.0380),42.7,710.41159,711.037973,2.586932,0.76
2026-06-01 01:22:37 UTC,XRPUSDT,NEUTRAL,LOW,0.9111,0.03759,0.6547,0.4118,True,Balanced book,,,,,
2026-06-01 01:22:38 UTC,BTCUSDT,SHORT,HIGH,0.3746,0.00829,0.6199,0.8692,False,EMA trend UP (fast=73746.2668 > slow=73741.1922),44.08,73746.266775,73741.192213,147.291708,0.35
2026-06-01 01:22:38 UTC,SOLUSDT,NEUTRAL,LOW,0.9627,0.01214,0.8437,0.7983,True,Balanced book,,,,,
2026-06-01 01:22:39 UTC,BNBUSDT,LONG,HIGH,2.0681,0.00565,0.4288,0.5127,False,EMA trend DOWN (fast=710.4116 < slow=711.0380),42.7,710.41159,711.037973,2.586932,0.76
2026-06-01 01:22:39 UTC,XRPUSDT,NEUTRAL,LOW,0.9291,0.03007,0.6547,0.4199,True,Balanced book,,,,,
2026-06-01 01:22:40 UTC,BTCUSDT,SHORT,HIGH,0.3752,0.01046,0.6199,0.8705,False,EMA trend UP (fast=73746.2668 > slow=73741.1922),44.08,73746.266775,73741.192213,147.291708,0.35
2026-06-01 01:22:41 UTC,SOLUSDT,NEUTRAL,LOW,0.9622,0.02428,0.8503,0.8164,True,Balanced book,,,,,
2026-06-01 01:22:41 UTC,BNBUSDT,LONG,HIGH,2.049,0.00565,0.4327,0.5127,False,EMA trend DOWN (fast=710.4116 < slow=711.0380),42.7,710.41159,711.037973,2.586932,0.76
2026-06-01 01:22:42 UTC,XRPUSDT,NEUTRAL,LOW,0.9655,0.01504,0.6547,0.4363,True,Balanced book,,,,,
2026-06-01 01:22:42 UTC,BTCUSDT,SHORT,HIGH,0.3529,0.01005,0.6558,0.866,False,EMA trend UP (fast=73746.2668 > slow=73741.1922),44.08,73746.266775,73741.192213,147.291708,0.35
2026-06-01 01:22:42 UTC,SOLUSDT,NEUTRAL,LOW,1.0337,0.02428,0.8503,0.8028,True,Balanced book,,,,,
2026-06-01 01:22:43 UTC,BNBUSDT,LONG,HIGH,1.897,0.00565,0.4674,0.5127,False,EMA trend DOWN (fast=710.4116 < slow=711.0380),42.7,710.41159,711.037973,2.586932,0.76
2026-06-01 01:22:44 UTC,XRPUSDT,NEUTRAL,LOW,0.9655,0.01504,0.6547,0.4363,True,Balanced book,,,,,
2026-06-01 01:22:44 UTC,BTCUSDT,SHORT,HIGH,0.3639,0.01005,0.6558,0.8932,False,EMA trend UP (fast=73746.2668 > slow=73741.1922),44.08,73746.266775,73741.192213,147.291708,0.35
2026-06-01 01:22:44 UTC,SOLUSDT,NEUTRAL,LOW,1.1039,0.02428,0.8403,0.8832,True,Balanced book,,,,,
2026-06-01 01:22:45 UTC,BNBUSDT,LONG,HIGH,2.03,0.00565,0.4368,0.5127,False,EMA trend DOWN (fast=710.4116 < slow=711.0380),42.7,710.41159,711.037973,2.586932,0.76
2026-06-01 01:22:46 UTC,XRPUSDT,NEUTRAL,LOW,0.9798,0.01504,0.6547,0.4202,True,Balanced book,,,,,
2026-06-01 01:22:46 UTC,BTCUSDT,SHORT,HIGH,0.3316,0.00625,0.6874,0.8531,False,EMA trend UP (fast=73746.2668 > slow=73741.1922),44.08,73746.266775,73741.192213,147.291708,0.35
2026-06-01 01:22:47 UTC,SOLUSDT,NEUTRAL,LOW,1.0515,0.02428,0.8434,0.8832,True,Balanced book,,,,,
2026-06-01 01:22:48 UTC,BNBUSDT,LONG,HIGH,2.0111,0.00565,0.4409,0.5127,False,EMA trend DOWN (fast=710.4116 < slow=711.0380),42.7,710.41159,711.037973,2.586932,0.76
2026-06-01 01:22:48 UTC,XRPUSDT,NEUTRAL,LOW,0.9798,0.02256,0.6547,0.4202,True,Balanced book,,,,,
2026-06-01 01:22:49 UTC,BTCUSDT,SHORT,HIGH,0.3497,0.00367,0.6558,0.8583,False,EMA trend UP (fast=73746.2668 > slow=73741.1922),44.08,73746.266775,73741.192213,147.291708,0.35
2026-06-01 01:22:49 UTC,SOLUSDT,LONG,HIGH,1.2699,0.02428,0.77,0.9753,True,"EMA uptrend, RSI=52.2",52.18,82.518595,82.35693,0.27887,0.34
2026-06-01 01:22:49 UTC,BNBUSDT,LONG,HIGH,2.2776,0.00565,0.3893,0.5127,False,EMA trend DOWN (fast=710.4116 < slow=711.0380),42.7,710.41159,711.037973,2.586932,0.76
2026-06-01 01:22:50 UTC,XRPUSDT,NEUTRAL,LOW,1.0715,0.00752,0.5597,0.4344,True,Balanced book,,,,,
2026-06-01 01:22:50 UTC,BTCUSDT,NEUTRAL,LOW,1.1571,0.00367,0.6558,0.4997,True,Balanced book,,,,,
2026-06-01 01:22:50 UTC,SOLUSDT,NEUTRAL,LOW,1.191,0.01214,0.7775,0.9589,True,Balanced book,,,,,
2026-06-01 01:22:51 UTC,BNBUSDT,LONG,HIGH,2.2776,0.00565,0.3893,0.5127,False,EMA trend DOWN (fast=710.4116 < slow=711.0380),42.7,710.41159,711.037973,2.586932,0.76
2026-06-01 01:22:51 UTC,XRPUSDT,NEUTRAL,LOW,0.9968,0.00752,0.5267,0.4344,True,Balanced book,,,,,
2026-06-01 01:22:52 UTC,BTCUSDT,NEUTRAL,LOW,1.1604,0.0038,0.6558,0.5011,True,Balanced book,,,,,
2026-06-01 01:22:52 UTC,SOLUSDT,NEUTRAL,LOW,1.0243,0.02428,0.8474,0.914,True,Balanced book,,,,,
2026-06-01 01:22:53 UTC,BNBUSDT,LONG,HIGH,2.1067,0.00565,0.4209,0.5127,False,EMA trend DOWN (fast=710.4036 < slow=711.0343),42.63,710.40359,711.034337,2.586932,0.76
2026-06-01 01:22:53 UTC,XRPUSDT,NEUTRAL,LOW,0.9968,0.00752,0.5267,0.4344,True,Balanced book,,,,,
